id_estudiante,nombre,edad,género,programa,promedio,horas_estudio,asistencia_clases,ciudad_origen,uso_biblioteca,participación_actividades
1,Laura Gonzalez,23,otro,Gestión de la Responsabilidad Social,7.98,32,69,Montemorelos,Medio,No
2,Robert Gonzalez,25,hombre,Contaduría Pública,7.8,32,87,Apodaca,Bajo,No
3,Laura Lee,20,otro,Inteligencia Financiera,9.28,9,87,Juárez,Bajo,No
4,John Doe,28,hombre,Negocios Internacionales,7.62,37,80,Santa Catarina,Medio,Sí
5,Samantha Lee,22,mujer,Contaduría Pública,6.38,33,81,Santiago,Bajo,Sí
6,Robert Gonzalez,28,otro,Emprendimiento e Innovación,6.87,28,66,García,Alto,Sí
7,John Doe,20,mujer,Emprendimiento e Innovación,6.7,12,67,García,Medio,No
8,Laura Lopez,26,otro,Tecnologías de Información,6.55,18,59,Allende,Alto,Sí
9,Robert Rivera,27,otro,Gestión de la Responsabilidad Social,6.63,5,89,Monterrey,Medio,No
10,Robert Lee,24,mujer,Gestión de la Responsabilidad Social,8.52,23,56,Linares,Alto,No
11,Sofia Lopez,18,otro,Emprendimiento e Innovación,7.05,18,55,San Nicolás de los Garza,Alto,No
12,María Lopez,25,otro,Administración,7.61,18,95,García,Alto,Sí
13,Laura Brown,23,mujer,Contaduría Pública,7.05,22,65,San Nicolás de los Garza,Bajo,Sí
14,Robert Rivera,24,otro,Negocios Internacionales,8.3,21,50,San Nicolás de los Garza,Medio,No
15,Luis Martinez,21,otro,Emprendimiento e Innovación,7.97,24,82,Santa Catarina,Medio,No
16,Robert García,29,otro,Tecnologías de Información,9.09,6,83,Juárez,Bajo,No
17,Sofia Martinez,22,otro,Contaduría Pública,9.27,22,60,García,Bajo,Sí
18,Carlos Smith,18,hombre,Emprendimiento e Innovación,7.81,21,83,Santiago,Medio,Sí
19,Carlos Rivera,27,mujer,Tecnologías de Información,7.15,27,59,Montemorelos,Alto,Sí
20,Samantha Gonzalez,18,mujer,Gestión de la Responsabilidad Social,8.93,34,85,Guadalupe,Alto,Sí
21,Robert Johnson,27,otro,Contaduría Pública,6.91,6,66,García,Bajo,No
22,Luis García,19,mujer,Tecnologías de Información,9.67,16,85,Pesquería,Alto,No
23,John Martinez,26,otro,Gestión de la Responsabilidad Social,6.81,23,54,San Nicolás de los Garza,Bajo,No
24,Luis Doe,25,hombre,Emprendimiento e Innovación,8.99,31,62,Cerralvo,Alto,Sí
25,Alice Johnson,29,mujer,Administración,6.88,5,96,Cadereyta,Bajo,Sí
26,Carlos Rivera,26,otro,Negocios Internacionales,7.89,38,69,Santiago,Medio,No
27,Samantha Doe,25,otro,Negocios Internacionales,8.1,32,99,Linares,Medio,Sí
28,Emma Johnson,29,hombre,Contaduría Pública,9.66,5,54,Guadalupe,Alto,Sí
29,Luis Lee,28,otro,Tecnologías de Información,8.17,25,86,Allende,Medio,No
30,Sofia Brown,29,otro,Administración,6.63,31,74,Monterrey,Bajo,Sí
31,John Martinez,18,mujer,Negocios Internacionales,7.08,10,74,Cerralvo,Alto,Sí
32,Laura Martinez,30,otro,Negocios Internacionales,9.05,26,54,Montemorelos,Medio,No
33,Luis Johnson,23,hombre,Negocios Internacionales,6.57,7,86,Juárez,Medio,Sí
34,María Lopez,27,otro,Emprendimiento e Innovación,7.54,26,58,San Pedro Garza García,Medio,No
35,John Martinez,19,mujer,Tecnologías de Información,8.54,18,53,Santiago,Alto,Sí
36,John Lopez,25,mujer,Emprendimiento e Innovación,8.13,9,67,Juárez,Bajo,Sí
37,Carlos Smith,18,mujer,Negocios Internacionales,9.93,36,61,Pesquería,Bajo,Sí
38,Samantha García,25,mujer,Contaduría Pública,9.41,30,91,San Pedro Garza García,Alto,Sí
39,Laura Rivera,27,hombre,Administración,7.09,10,98,Santa Catarina,Alto,Sí
40,Luis García,26,mujer,Emprendimiento e Innovación,8.17,9,100,Linares,Bajo,No
41,Alice Brown,26,mujer,Administración,6.85,19,96,San Pedro Garza García,Alto,Sí
42,Laura Lee,19,otro,Contaduría Pública,7.3,14,86,Cadereyta,Medio,Sí
43,John Brown,25,hombre,Tecnologías de Información,6.04,19,62,Allende,Medio,Sí
44,Robert Gonzalez,30,otro,Emprendimiento e Innovación,7.28,24,88,Allende,Medio,Sí
45,John Gonzalez,27,otro,Gestión de la Responsabilidad Social,9.18,21,65,Apodaca,Alto,Sí
46,Alice Johnson,24,mujer,Tecnologías de Información,8.64,30,93,Santiago,Medio,No
47,Samantha Doe,26,hombre,Negocios Internacionales,8.06,30,63,Guadalupe,Bajo,No
48,María Doe,24,mujer,Administración,7.24,22,76,Linares,Bajo,Sí
49,Laura Rivera,19,mujer,Tecnologías de Información,7.98,17,65,Allende,Alto,No
50,Emma Rivera,28,mujer,Emprendimiento e Innovación,8.46,19,63,Juárez,Bajo,Sí
51,Luis Brown,21,mujer,Inteligencia Financiera,6.66,34,60,San Nicolás de los Garza,Medio,Sí
52,Laura Lopez,28,otro,Contaduría Pública,7.86,12,69,Santiago,Medio,No
53,Alice Brown,19,mujer,Inteligencia Financiera,8.97,24,59,Apodaca,Medio,Sí
54,John Brown,19,hombre,Administración,7.8,12,83,San Nicolás de los Garza,Alto,No
55,Samantha Johnson,30,hombre,Gestión de la Responsabilidad Social,6.9,40,58,Santiago,Bajo,No
56,Robert Johnson,19,mujer,Tecnologías de Información,6.02,15,73,Santa Catarina,Alto,No
57,Carlos Johnson,22,hombre,Inteligencia Financiera,8.62,17,52,García,Bajo,Sí
58,Samantha García,21,otro,Administración,7.42,11,72,Pesquería,Bajo,No
59,Robert Johnson,20,mujer,Contaduría Pública,9.09,7,65,Monterrey,Medio,No
60,Samantha Rivera,22,otro,Negocios Internacionales,7.49,23,64,Juárez,Medio,Sí
61,María Johnson,25,mujer,Contaduría Pública,9.98,36,79,Allende,Alto,No
62,Robert Brown,24,mujer,Emprendimiento e Innovación,9.91,17,62,Pesquería,Bajo,No
63,Carlos Johnson,18,hombre,Tecnologías de Información,6.42,10,54,Santiago,Bajo,No
64,Carlos Gonzalez,19,mujer,Inteligencia Financiera,8.04,13,98,San Pedro Garza García,Medio,No
65,Sofia García,21,hombre,Contaduría Pública,7.98,19,66,García,Alto,No
66,Carlos Smith,30,hombre,Emprendimiento e Innovación,9.89,34,89,Apodaca,Alto,No
67,John Gonzalez,22,hombre,Administración,8.5,16,72,Cadereyta,Bajo,No
68,María Rivera,30,hombre,Administración,7.13,38,92,Montemorelos,Alto,No
69,John Martinez,24,otro,Administración,8.04,26,67,Allende,Bajo,Sí
70,Robert Brown,19,hombre,Administración,9.27,21,60,Guadalupe,Bajo,No
71,Samantha Johnson,30,otro,Gestión de la Responsabilidad Social,9.97,39,55,San Pedro Garza García,Medio,No
72,John Rivera,28,hombre,Tecnologías de Información,7.27,37,77,Cerralvo,Medio,Sí
73,Emma Martinez,29,otro,Tecnologías de Información,8.64,33,57,Apodaca,Alto,Sí
74,Samantha Lopez,29,hombre,Tecnologías de Información,8.89,8,80,Cadereyta,Medio,No
75,Sofia Smith,29,otro,Gestión de la Responsabilidad Social,8.08,29,57,Montemorelos,Bajo,Sí
76,María Johnson,27,hombre,Tecnologías de Información,9.05,6,60,Santiago,Medio,No
77,Emma Lopez,22,mujer,Contaduría Pública,6.24,27,64,Cadereyta,Medio,No
78,Samantha Brown,22,otro,Inteligencia Financiera,7.36,40,95,Guadalupe,Bajo,No
79,María Rivera,28,otro,Tecnologías de Información,8.95,5,97,Apodaca,Medio,No
80,María Lopez,23,mujer,Emprendimiento e Innovación,6.51,33,55,Guadalupe,Bajo,Sí
81,Emma Rivera,29,otro,Gestión de la Responsabilidad Social,7.65,15,64,García,Bajo,No
82,Emma Gonzalez,28,mujer,Contaduría Pública,8.71,22,78,García,Medio,Sí
83,María Gonzalez,30,mujer,Gestión de la Responsabilidad Social,8.7,25,81,San Nicolás de los Garza,Medio,Sí
84,Robert Gonzalez,30,hombre,Administración,9.4,23,76,Guadalupe,Alto,No
85,Laura Doe,26,otro,Administración,6.34,35,86,García,Medio,Sí
86,John Johnson,30,mujer,Gestión de la Responsabilidad Social,9.47,26,61,Pesquería,Bajo,No
87,María Lee,22,otro,Gestión de la Responsabilidad Social,6.38,38,73,Juárez,Medio,No
88,Samantha García,29,mujer,Tecnologías de Información,8.75,15,76,García,Medio,Sí
89,Emma Smith,27,mujer,Contaduría Pública,6.77,8,92,Escobedo,Bajo,No
90,Carlos García,24,otro,Inteligencia Financiera,7.98,22,70,San Pedro Garza García,Bajo,Sí
91,María Martinez,28,otro,Negocios Internacionales,9.85,16,98,Allende,Bajo,No
92,Luis Brown,25,hombre,Negocios Internacionales,8.79,22,65,Apodaca,Bajo,Sí
93,Robert Martinez,26,mujer,Inteligencia Financiera,8.83,37,86,Allende,Bajo,No
94,Luis Gonzalez,22,otro,Gestión de la Responsabilidad Social,7.81,7,79,Santiago,Medio,Sí
95,Emma Lee,22,mujer,Negocios Internacionales,8.66,20,85,Cerralvo,Bajo,Sí
96,Samantha Brown,18,otro,Contaduría Pública,7.25,24,92,Allende,Medio,Sí
97,Samantha Johnson,19,hombre,Emprendimiento e Innovación,7.24,7,50,Santa Catarina,Alto,No
98,Sofia Johnson,21,hombre,Contaduría Pública,6.47,11,61,Linares,Bajo,No
99,Samantha Brown,18,mujer,Administración,8.28,28,95,Juárez,Alto,Sí
100,John Martinez,29,otro,Gestión de la Responsabilidad Social,9.74,34,57,Montemorelos,Bajo,Sí
101,Luis Lopez,30,mujer,Negocios Internacionales,8.8,5,66,Montemorelos,Alto,No
102,Robert Martinez,22,hombre,Tecnologías de Información,9.31,26,66,Escobedo,Bajo,No
103,Alice Martinez,20,hombre,Administración,7.27,32,59,García,Bajo,No
104,Luis Smith,22,mujer,Contaduría Pública,8.69,11,65,Cadereyta,Alto,No
105,Carlos Doe,19,hombre,Emprendimiento e Innovación,6.41,19,60,Juárez,Medio,No
106,Luis Johnson,25,mujer,Negocios Internacionales,8.51,9,89,Santiago,Medio,No
107,John García,27,mujer,Tecnologías de Información,8.79,10,99,García,Bajo,Sí
108,Laura Lopez,29,otro,Tecnologías de Información,8.53,7,54,Allende,Bajo,No
109,Robert Johnson,29,otro,Contaduría Pública,8.11,28,93,Monterrey,Bajo,No
110,Carlos Gonzalez,21,mujer,Negocios Internacionales,9.92,7,60,San Pedro Garza García,Alto,No
111,Carlos Brown,27,hombre,Gestión de la Responsabilidad Social,6.21,33,90,Juárez,Bajo,No
112,Laura Lee,23,mujer,Negocios Internacionales,6.9,35,91,Guadalupe,Alto,Sí
113,Sofia Doe,28,mujer,Tecnologías de Información,7.96,22,54,Pesquería,Bajo,No
114,Alice Lee,22,hombre,Administración,8.64,10,90,Santiago,Alto,Sí
115,Carlos García,23,otro,Negocios Internacionales,9.01,39,52,Cerralvo,Bajo,Sí
116,Emma Lopez,23,mujer,Negocios Internacionales,6.6,12,82,Allende,Medio,No
117,María Martinez,22,mujer,Gestión de la Responsabilidad Social,6.77,15,94,Linares,Bajo,No
118,Samantha Gonzalez,27,mujer,Emprendimiento e Innovación,7.07,11,62,Guadalupe,Alto,Sí
119,Carlos Brown,23,mujer,Gestión de la Responsabilidad Social,8.71,7,71,Montemorelos,Bajo,No
120,Sofia Martinez,20,hombre,Emprendimiento e Innovación,9.55,5,76,Cadereyta,Medio,No
121,Robert Lopez,30,otro,Contaduría Pública,8.88,38,91,Escobedo,Medio,No
122,Robert Smith,21,hombre,Negocios Internacionales,7.7,27,56,Juárez,Alto,No
123,Carlos Lopez,29,hombre,Tecnologías de Información,9.22,14,84,Pesquería,Medio,Sí
124,Sofia Johnson,21,mujer,Tecnologías de Información,6.53,34,95,Linares,Bajo,Sí
125,Alice Smith,29,hombre,Tecnologías de Información,6.32,12,79,Apodaca,Alto,Sí
126,Samantha Lopez,18,mujer,Negocios Internacionales,7.87,12,89,Santa Catarina,Alto,No
127,Emma Rivera,21,otro,Inteligencia Financiera,7.97,23,50,Cerralvo,Alto,Sí
128,Robert Johnson,30,mujer,Emprendimiento e Innovación,8.44,20,91,Escobedo,Bajo,Sí
129,Alice Gonzalez,20,hombre,Emprendimiento e Innovación,7.76,18,78,Cerralvo,Bajo,Sí
130,Sofia Smith,23,mujer,Emprendimiento e Innovación,9.52,13,96,San Pedro Garza García,Medio,No
131,Samantha Lopez,30,mujer,Gestión de la Responsabilidad Social,6.13,13,71,Pesquería,Alto,No
132,Alice Gonzalez,27,mujer,Contaduría Pública,8.2,21,56,San Pedro Garza García,Alto,Sí
133,Carlos Lopez,27,mujer,Administración,9.4,30,65,Monterrey,Bajo,No
134,Emma García,27,otro,Contaduría Pública,6.32,16,86,Montemorelos,Bajo,No
135,Emma García,22,hombre,Inteligencia Financiera,7.44,17,68,San Pedro Garza García,Medio,No
136,John Brown,25,hombre,Tecnologías de Información,8.0,36,63,Linares,Medio,No
137,John García,24,mujer,Inteligencia Financiera,6.92,15,91,San Pedro Garza García,Alto,No
138,Luis Lopez,19,hombre,Contaduría Pública,7.67,28,82,Guadalupe,Medio,Sí
139,Robert Lee,22,otro,Gestión de la Responsabilidad Social,7.16,32,71,García,Alto,No
140,Luis Brown,19,otro,Inteligencia Financiera,9.66,20,80,Juárez,Alto,Sí
141,Samantha Smith,21,hombre,Tecnologías de Información,9.38,14,89,Monterrey,Bajo,Sí
142,Robert Gonzalez,28,otro,Emprendimiento e Innovación,9.99,25,51,Monterrey,Medio,No
143,Sofia Smith,28,hombre,Inteligencia Financiera,9.35,37,88,Monterrey,Alto,Sí
144,Alice Smith,20,mujer,Inteligencia Financiera,6.65,19,66,San Nicolás de los Garza,Medio,Sí
145,María Doe,20,hombre,Negocios Internacionales,9.49,15,68,Pesquería,Medio,No
146,Carlos Smith,25,otro,Tecnologías de Información,6.3,38,51,Pesquería,Bajo,No
147,Samantha Lee,21,otro,Administración,6.34,36,86,Guadalupe,Bajo,Sí
148,Emma Doe,18,otro,Emprendimiento e Innovación,8.0,33,62,Escobedo,Bajo,Sí
149,Robert Martinez,24,hombre,Negocios Internacionales,7.19,32,81,Santa Catarina,Bajo,Sí
150,Laura Lopez,18,otro,Emprendimiento e Innovación,9.37,9,66,Monterrey,Bajo,Sí
151,Luis Lee,23,otro,Inteligencia Financiera,7.12,12,62,García,Alto,No
152,Samantha Rivera,24,mujer,Emprendimiento e Innovación,9.9,27,73,Cerralvo,Bajo,Sí
153,Robert Brown,21,otro,Gestión de la Responsabilidad Social,6.08,39,74,Linares,Medio,No
154,María Lee,21,hombre,Inteligencia Financiera,7.68,30,99,García,Bajo,Sí
155,Alice Martinez,18,otro,Negocios Internacionales,7.7,26,67,Cadereyta,Bajo,Sí
156,Robert Rivera,18,mujer,Administración,8.57,16,99,García,Medio,No
157,Robert Brown,19,hombre,Negocios Internacionales,6.42,24,93,Cerralvo,Medio,No
158,Robert Gonzalez,26,hombre,Negocios Internacionales,8.06,27,72,Montemorelos,Alto,Sí
159,Robert Johnson,27,otro,Negocios Internacionales,8.83,38,60,Apodaca,Alto,Sí
160,Carlos Lopez,24,mujer,Tecnologías de Información,9.09,18,65,Escobedo,Alto,No
161,Samantha Johnson,28,mujer,Emprendimiento e Innovación,7.64,30,84,Montemorelos,Alto,No
162,John Martinez,19,mujer,Tecnologías de Información,8.6,10,88,Santa Catarina,Bajo,No
163,Luis Gonzalez,21,hombre,Negocios Internacionales,6.79,16,58,Santiago,Bajo,No
164,Emma Lopez,22,mujer,Contaduría Pública,9.09,40,93,Escobedo,Bajo,No
165,Carlos Martinez,18,hombre,Tecnologías de Información,8.53,31,88,Apodaca,Medio,Sí
166,Samantha Lee,25,mujer,Emprendimiento e Innovación,9.63,22,62,Linares,Bajo,No
167,Samantha Smith,25,hombre,Inteligencia Financiera,8.53,14,71,Linares,Medio,Sí
168,Samantha Doe,28,hombre,Negocios Internacionales,7.92,17,85,Allende,Alto,Sí
169,Laura Rivera,28,otro,Tecnologías de Información,7.32,17,92,San Pedro Garza García,Alto,Sí
170,Carlos Martinez,30,hombre,Tecnologías de Información,8.26,19,98,Escobedo,Medio,Sí
171,John Brown,22,otro,Tecnologías de Información,7.01,18,73,Escobedo,Alto,No
172,Sofia García,30,mujer,Emprendimiento e Innovación,7.31,40,56,Linares,Bajo,No
173,Alice Gonzalez,18,hombre,Tecnologías de Información,9.03,9,72,Monterrey,Bajo,Sí
174,María Lee,29,hombre,Administración,6.42,33,87,Cerralvo,Alto,No
175,Alice Martinez,22,mujer,Tecnologías de Información,7.35,11,61,Guadalupe,Bajo,No
176,Alice Smith,30,mujer,Tecnologías de Información,6.31,7,54,Monterrey,Medio,Sí
177,Robert Johnson,23,mujer,Administración,7.8,5,98,Pesquería,Medio,Sí
178,Alice García,30,hombre,Administración,6.24,40,50,Juárez,Bajo,Sí
179,John Gonzalez,29,mujer,Inteligencia Financiera,9.99,39,66,Cerralvo,Bajo,Sí
180,Emma Brown,24,otro,Tecnologías de Información,7.41,28,67,San Pedro Garza García,Medio,Sí
181,Luis Martinez,27,hombre,Negocios Internacionales,6.77,40,94,Apodaca,Alto,Sí
182,Emma Martinez,27,mujer,Tecnologías de Información,8.32,15,52,Santiago,Bajo,Sí
183,Samantha Rivera,28,otro,Tecnologías de Información,9.24,24,82,Santa Catarina,Bajo,Sí
184,Laura García,30,otro,Tecnologías de Información,7.86,27,85,San Pedro Garza García,Bajo,Sí
185,Alice García,24,mujer,Tecnologías de Información,6.01,14,81,Cerralvo,Alto,Sí
186,Laura García,20,mujer,Tecnologías de Información,8.94,25,90,Santiago,Medio,No
187,Alice Lopez,30,mujer,Administración,6.84,26,88,Montemorelos,Alto,No
188,John García,28,hombre,Tecnologías de Información,7.03,19,53,Monterrey,Alto,No
189,Laura Johnson,22,hombre,Inteligencia Financiera,9.18,13,73,Escobedo,Medio,Sí
190,Carlos García,30,otro,Negocios Internacionales,6.69,37,71,García,Medio,No
191,Samantha Rivera,21,otro,Inteligencia Financiera,8.2,13,72,Apodaca,Alto,No
192,Sofia Brown,26,hombre,Inteligencia Financiera,7.25,19,87,Guadalupe,Alto,Sí
193,Robert Doe,30,otro,Gestión de la Responsabilidad Social,8.12,19,88,Apodaca,Medio,No
194,Luis Doe,25,hombre,Contaduría Pública,8.93,38,73,Guadalupe,Bajo,Sí
195,John Rivera,23,hombre,Inteligencia Financiera,6.11,26,77,Monterrey,Alto,Sí
196,Laura Brown,26,mujer,Gestión de la Responsabilidad Social,7.93,18,65,Linares,Bajo,Sí
197,Laura Gonzalez,24,hombre,Administración,7.6,7,60,Monterrey,Medio,Sí
198,Luis García,20,hombre,Tecnologías de Información,6.61,17,86,San Pedro Garza García,Alto,No
199,Laura Doe,21,mujer,Emprendimiento e Innovación,6.04,35,63,San Nicolás de los Garza,Alto,Sí
200,Carlos Lopez,28,mujer,Gestión de la Responsabilidad Social,6.0,24,64,Juárez,Alto,Sí
201,Alice Smith,24,hombre,Negocios Internacionales,6.19,9,90,Allende,Bajo,Sí
202,Laura Smith,20,mujer,Administración,7.31,21,52,San Nicolás de los Garza,Alto,No
203,Luis Martinez,26,hombre,Contaduría Pública,7.67,20,93,Linares,Alto,No
204,Robert Rivera,23,hombre,Administración,9.58,24,67,Apodaca,Bajo,Sí
205,Alice Gonzalez,26,otro,Administración,8.32,36,73,Linares,Medio,No
206,Sofia Martinez,22,hombre,Contaduría Pública,7.34,28,81,Juárez,Alto,Sí
207,Emma Gonzalez,18,otro,Contaduría Pública,9.77,22,100,Allende,Medio,No
208,Alice Rivera,27,otro,Gestión de la Responsabilidad Social,9.43,6,63,Guadalupe,Medio,Sí
209,Alice García,23,mujer,Inteligencia Financiera,7.07,16,61,San Nicolás de los Garza,Bajo,Sí
210,Robert Gonzalez,27,hombre,Tecnologías de Información,7.66,35,92,Allende,Medio,No
211,María Lopez,22,mujer,Negocios Internacionales,9.9,8,93,San Pedro Garza García,Bajo,Sí
212,Luis Doe,25,mujer,Inteligencia Financiera,9.16,16,76,Apodaca,Alto,No
213,Sofia García,25,otro,Administración,6.98,16,82,Guadalupe,Medio,Sí
214,John Martinez,20,mujer,Administración,8.46,23,85,Escobedo,Bajo,No
215,Robert Smith,23,mujer,Gestión de la Responsabilidad Social,8.98,18,75,Santiago,Bajo,Sí
216,Samantha Lopez,28,hombre,Tecnologías de Información,9.42,26,79,San Nicolás de los Garza,Alto,Sí
217,Emma Smith,26,hombre,Gestión de la Responsabilidad Social,7.13,7,94,San Nicolás de los Garza,Alto,Sí
218,Laura Johnson,28,hombre,Gestión de la Responsabilidad Social,8.96,13,84,Cadereyta,Alto,No
219,Alice Johnson,26,mujer,Tecnologías de Información,7.75,18,64,Santa Catarina,Bajo,Sí
220,Alice García,21,hombre,Tecnologías de Información,6.69,27,80,Santa Catarina,Bajo,Sí
221,María Doe,27,hombre,Gestión de la Responsabilidad Social,7.53,23,69,Linares,Bajo,Sí
222,Robert Gonzalez,28,otro,Negocios Internacionales,6.79,8,72,Linares,Alto,No
223,John Smith,27,otro,Inteligencia Financiera,7.02,8,84,Monterrey,Alto,No
224,Carlos Smith,28,mujer,Negocios Internacionales,9.13,9,66,Cadereyta,Bajo,Sí
225,María Lopez,25,otro,Contaduría Pública,7.76,12,65,Santiago,Alto,No
226,Robert Smith,22,mujer,Emprendimiento e Innovación,9.25,19,57,Allende,Medio,Sí
227,Carlos Doe,19,hombre,Negocios Internacionales,7.12,36,59,Cadereyta,Alto,Sí
228,Samantha Johnson,22,otro,Contaduría Pública,6.5,28,72,Santa Catarina,Medio,Sí
229,Laura Lopez,28,otro,Administración,9.08,7,96,Escobedo,Alto,No
230,Luis Brown,21,otro,Administración,7.45,13,65,Pesquería,Alto,Sí
231,Luis Lopez,29,mujer,Tecnologías de Información,7.01,10,56,Santiago,Bajo,No
232,Robert Doe,25,otro,Inteligencia Financiera,7.0,22,68,Montemorelos,Alto,No
233,John Gonzalez,21,mujer,Administración,6.85,22,83,San Nicolás de los Garza,Alto,No
234,Laura Johnson,25,hombre,Negocios Internacionales,8.54,8,69,Monterrey,Medio,No
235,Sofia Rivera,24,otro,Tecnologías de Información,7.02,39,96,Linares,Medio,No
236,John Gonzalez,18,otro,Administración,6.79,36,92,Apodaca,Medio,No
237,María García,18,otro,Administración,8.86,31,75,Escobedo,Bajo,Sí
238,John Lopez,26,mujer,Emprendimiento e Innovación,6.78,8,84,Linares,Medio,No
239,John Gonzalez,25,mujer,Negocios Internacionales,6.86,14,59,Linares,Alto,Sí
240,Sofia Smith,29,otro,Administración,8.33,19,62,Escobedo,Medio,Sí
241,Carlos Doe,20,otro,Gestión de la Responsabilidad Social,8.68,36,58,Juárez,Alto,No
242,María Lopez,30,hombre,Contaduría Pública,9.32,13,58,Apodaca,Medio,Sí
243,Samantha Rivera,23,hombre,Gestión de la Responsabilidad Social,8.96,20,62,Escobedo,Medio,No
244,Laura Doe,30,mujer,Emprendimiento e Innovación,8.79,29,55,García,Bajo,Sí
245,Sofia Martinez,20,hombre,Inteligencia Financiera,7.49,32,81,Juárez,Alto,Sí
246,Samantha Doe,21,mujer,Gestión de la Responsabilidad Social,9.72,24,56,Cadereyta,Bajo,Sí
247,Emma Brown,27,otro,Administración,9.56,34,69,García,Bajo,Sí
248,Alice Rivera,22,mujer,Administración,9.3,22,80,Montemorelos,Alto,No
249,Sofia Lee,22,otro,Inteligencia Financiera,7.29,23,70,Cerralvo,Medio,Sí
250,John Lopez,21,mujer,Tecnologías de Información,7.17,14,92,Guadalupe,Alto,No
251,Sofia Rivera,18,mujer,Gestión de la Responsabilidad Social,8.91,16,60,Apodaca,Bajo,Sí
252,John Lee,27,otro,Negocios Internacionales,8.62,21,59,García,Alto,No
253,Carlos Johnson,27,hombre,Emprendimiento e Innovación,7.0,18,78,Apodaca,Medio,No
254,Laura Lee,19,mujer,Negocios Internacionales,9.58,20,81,Santa Catarina,Medio,No
255,Luis Lee,27,hombre,Contaduría Pública,6.33,34,68,Guadalupe,Bajo,Sí
256,Alice Lopez,22,mujer,Tecnologías de Información,6.94,32,81,García,Medio,Sí
257,Carlos Rivera,19,mujer,Inteligencia Financiera,7.96,5,83,San Nicolás de los Garza,Alto,No
258,Carlos Martinez,21,mujer,Gestión de la Responsabilidad Social,6.89,32,82,San Pedro Garza García,Medio,No
259,Carlos Johnson,26,hombre,Inteligencia Financiera,6.62,27,82,Santa Catarina,Medio,Sí
260,Robert Brown,29,otro,Tecnologías de Información,7.06,27,50,Allende,Alto,No
261,Carlos Lopez,19,hombre,Tecnologías de Información,9.01,16,84,Apodaca,Alto,Sí
262,Luis Rivera,25,hombre,Administración,9.28,40,77,García,Alto,No
263,Robert Lee,23,hombre,Tecnologías de Información,8.47,27,65,Linares,Alto,Sí
264,Sofia Doe,28,mujer,Administración,6.9,19,83,Santa Catarina,Alto,Sí
265,Alice Brown,21,hombre,Contaduría Pública,8.26,16,53,Guadalupe,Alto,No
266,Samantha Doe,26,mujer,Gestión de la Responsabilidad Social,9.41,5,65,Montemorelos,Medio,No
267,Robert Johnson,19,otro,Inteligencia Financiera,8.66,12,59,Cadereyta,Medio,No
268,Laura Brown,26,otro,Administración,8.67,25,94,Montemorelos,Alto,Sí
269,Laura Lee,18,otro,Contaduría Pública,9.43,32,79,Juárez,Bajo,No
270,Sofia Lopez,18,otro,Tecnologías de Información,7.4,14,92,San Pedro Garza García,Bajo,No
271,Sofia García,21,mujer,Gestión de la Responsabilidad Social,9.24,21,64,San Nicolás de los Garza,Medio,No
272,Robert Lopez,27,hombre,Tecnologías de Información,7.53,37,66,Monterrey,Bajo,No
273,Samantha Johnson,23,otro,Contaduría Pública,9.39,23,53,Cerralvo,Alto,No
274,Robert Lopez,26,otro,Emprendimiento e Innovación,8.25,21,87,Juárez,Bajo,Sí
275,María Lopez,30,hombre,Inteligencia Financiera,7.31,29,56,Cerralvo,Bajo,Sí
276,María Smith,28,hombre,Negocios Internacionales,6.7,34,50,Guadalupe,Bajo,No
277,María Smith,21,mujer,Negocios Internacionales,8.86,7,84,García,Alto,No
278,Samantha Smith,26,otro,Administración,6.15,23,65,San Pedro Garza García,Alto,No
279,Laura Lee,18,mujer,Emprendimiento e Innovación,8.06,24,86,Apodaca,Bajo,No
280,Sofia Lopez,21,mujer,Gestión de la Responsabilidad Social,8.09,33,99,Monterrey,Medio,Sí
281,John Smith,18,hombre,Negocios Internacionales,8.99,12,71,Allende,Bajo,Sí
282,Emma Gonzalez,20,mujer,Contaduría Pública,9.36,31,90,Escobedo,Alto,Sí
283,Luis Martinez,18,mujer,Gestión de la Responsabilidad Social,8.25,31,99,San Nicolás de los Garza,Alto,Sí
284,Emma Lopez,21,otro,Administración,7.76,39,57,Juárez,Bajo,Sí
285,Robert Brown,20,hombre,Gestión de la Responsabilidad Social,6.84,40,59,Santa Catarina,Alto,Sí
286,John Lee,19,hombre,Administración,9.15,8,62,Guadalupe,Bajo,No
287,Emma Brown,18,hombre,Gestión de la Responsabilidad Social,7.83,33,94,Juárez,Medio,Sí
288,Luis Brown,25,mujer,Contaduría Pública,8.49,33,71,Santiago,Medio,Sí
289,María Doe,30,hombre,Tecnologías de Información,6.51,40,76,García,Medio,No
290,Robert Johnson,21,otro,Emprendimiento e Innovación,8.2,13,58,Escobedo,Medio,No
291,Laura Lopez,28,hombre,Administración,8.37,31,64,Juárez,Alto,Sí
292,Robert Gonzalez,25,hombre,Contaduría Pública,8.36,20,59,Guadalupe,Bajo,Sí
293,Luis Martinez,22,otro,Negocios Internacionales,9.43,31,90,Allende,Bajo,Sí
294,Laura Smith,30,otro,Administración,6.27,5,94,Santiago,Medio,No
295,Carlos Johnson,23,mujer,Negocios Internacionales,8.28,19,98,Cadereyta,Alto,Sí
296,Robert Johnson,22,mujer,Negocios Internacionales,9.58,27,94,Apodaca,Bajo,Sí
297,Sofia Gonzalez,29,mujer,Inteligencia Financiera,9.65,11,59,Guadalupe,Bajo,Sí
298,Robert García,25,mujer,Negocios Internacionales,9.56,17,81,Apodaca,Medio,No
299,Alice Gonzalez,24,mujer,Negocios Internacionales,7.78,19,57,Monterrey,Alto,No
300,María Lee,25,mujer,Contaduría Pública,8.38,21,99,Juárez,Bajo,No
301,Alice Lee,19,otro,Inteligencia Financiera,7.64,33,70,San Pedro Garza García,Medio,Sí
302,María Doe,19,hombre,Emprendimiento e Innovación,7.88,36,72,San Nicolás de los Garza,Bajo,No
303,John Lopez,23,hombre,Emprendimiento e Innovación,7.16,16,50,Montemorelos,Medio,Sí
304,Emma Lopez,30,mujer,Contaduría Pública,7.04,13,73,García,Medio,Sí
305,John Johnson,20,hombre,Inteligencia Financiera,9.44,11,94,Apodaca,Medio,Sí
306,Emma Rivera,30,mujer,Administración,6.21,32,85,Santa Catarina,Bajo,Sí
307,Samantha Smith,30,mujer,Emprendimiento e Innovación,7.95,29,98,Santiago,Medio,No
308,Robert Gonzalez,23,mujer,Administración,9.43,37,73,Cerralvo,Medio,No
309,Samantha Johnson,22,hombre,Tecnologías de Información,8.85,6,94,San Pedro Garza García,Alto,No
310,Luis Rivera,21,mujer,Emprendimiento e Innovación,6.06,25,87,Linares,Bajo,No
311,Sofia Johnson,22,hombre,Inteligencia Financiera,6.97,14,91,Montemorelos,Bajo,Sí
312,María Lee,27,hombre,Emprendimiento e Innovación,6.67,8,71,Santa Catarina,Medio,No
313,Laura Smith,26,otro,Negocios Internacionales,9.65,37,52,Pesquería,Bajo,No
314,Carlos Doe,24,hombre,Gestión de la Responsabilidad Social,6.51,18,97,Escobedo,Bajo,Sí
315,Samantha Brown,24,otro,Gestión de la Responsabilidad Social,8.6,21,98,Linares,Alto,Sí
316,Carlos García,28,hombre,Negocios Internacionales,7.14,12,98,Allende,Medio,No
317,John Lopez,23,mujer,Contaduría Pública,9.9,9,95,Cerralvo,Alto,Sí
318,Luis Gonzalez,19,hombre,Contaduría Pública,8.73,21,89,Guadalupe,Medio,Sí
319,Carlos Doe,28,mujer,Tecnologías de Información,7.49,37,58,Allende,Medio,No
320,Emma Brown,19,hombre,Contaduría Pública,7.34,5,95,Monterrey,Medio,No
321,John Brown,30,otro,Inteligencia Financiera,8.47,14,82,Guadalupe,Bajo,Sí
322,John Gonzalez,25,otro,Contaduría Pública,8.14,8,86,Pesquería,Medio,No
323,Laura Martinez,25,mujer,Gestión de la Responsabilidad Social,7.02,9,92,Cadereyta,Bajo,No
324,Robert Gonzalez,26,mujer,Negocios Internacionales,7.35,24,52,Montemorelos,Alto,Sí
325,Emma Lopez,18,hombre,Emprendimiento e Innovación,8.59,23,64,Allende,Alto,Sí
326,Samantha Johnson,29,mujer,Emprendimiento e Innovación,7.27,30,67,Escobedo,Medio,No
327,Laura Martinez,25,hombre,Contaduría Pública,7.38,11,77,San Nicolás de los Garza,Alto,No
328,Alice García,30,hombre,Gestión de la Responsabilidad Social,6.48,12,70,Monterrey,Alto,Sí
329,Emma Doe,30,hombre,Contaduría Pública,10.0,18,86,Monterrey,Bajo,Sí
330,Carlos Gonzalez,27,otro,Gestión de la Responsabilidad Social,7.95,30,80,Allende,Medio,No
331,Alice Brown,24,mujer,Administración,8.78,36,60,Pesquería,Medio,No
332,María Lee,21,mujer,Emprendimiento e Innovación,8.65,12,58,Guadalupe,Bajo,No
333,John Lee,22,otro,Inteligencia Financiera,9.15,28,83,Escobedo,Bajo,Sí
334,Carlos Rivera,30,otro,Tecnologías de Información,7.74,37,98,Santiago,Bajo,Sí
335,Robert Lopez,27,otro,Tecnologías de Información,9.54,38,92,García,Medio,Sí
336,Laura Doe,26,otro,Inteligencia Financiera,6.76,33,55,Escobedo,Medio,Sí
337,Sofia Johnson,24,otro,Negocios Internacionales,8.35,29,73,Apodaca,Alto,No
338,Carlos García,30,hombre,Emprendimiento e Innovación,9.77,38,90,Montemorelos,Alto,Sí
339,María Rivera,19,mujer,Emprendimiento e Innovación,6.68,23,78,Monterrey,Bajo,No
340,Samantha Lee,21,otro,Tecnologías de Información,7.33,19,76,Santiago,Medio,No
341,María Lee,21,hombre,Emprendimiento e Innovación,9.43,18,65,Cadereyta,Medio,No
342,María Brown,27,mujer,Inteligencia Financiera,6.96,33,68,Monterrey,Medio,Sí
343,Sofia Rivera,24,hombre,Tecnologías de Información,6.33,9,50,Pesquería,Medio,No
344,Samantha Lee,28,otro,Inteligencia Financiera,7.5,5,71,Apodaca,Bajo,No
345,Sofia Lopez,24,mujer,Tecnologías de Información,8.35,6,80,García,Bajo,No
346,John Smith,25,mujer,Gestión de la Responsabilidad Social,7.13,21,91,Pesquería,Alto,Sí
347,María Gonzalez,30,otro,Inteligencia Financiera,8.03,36,81,Cerralvo,Alto,No
348,Luis Doe,29,hombre,Emprendimiento e Innovación,6.12,16,79,Cerralvo,Alto,No
349,Laura Lee,22,hombre,Contaduría Pública,8.0,39,50,Santa Catarina,Medio,No
350,Laura Lopez,21,otro,Inteligencia Financiera,6.27,17,90,García,Bajo,Sí
351,Alice Martinez,28,otro,Negocios Internacionales,6.62,35,57,Montemorelos,Medio,No
352,Emma Doe,30,hombre,Gestión de la Responsabilidad Social,9.7,36,65,Linares,Alto,Sí
353,Alice Smith,25,hombre,Contaduría Pública,7.25,14,96,Linares,Alto,No
354,Luis Lopez,18,hombre,Contaduría Pública,7.59,37,61,García,Alto,Sí
355,Alice Martinez,23,mujer,Tecnologías de Información,7.4,31,99,Linares,Medio,No
356,Samantha Rivera,28,otro,Gestión de la Responsabilidad Social,9.13,13,79,Guadalupe,Bajo,No
357,Carlos Johnson,25,hombre,Negocios Internacionales,7.97,18,58,Monterrey,Bajo,No
358,Robert Lee,30,mujer,Tecnologías de Información,9.24,25,70,Linares,Alto,Sí
359,Alice Smith,30,otro,Contaduría Pública,8.49,32,74,Santiago,Medio,Sí
360,Emma García,26,mujer,Administración,7.39,33,61,Santa Catarina,Medio,Sí
361,Samantha Rivera,28,mujer,Emprendimiento e Innovación,9.31,16,57,García,Alto,Sí
362,María Smith,20,hombre,Tecnologías de Información,7.85,34,65,San Nicolás de los Garza,Bajo,No
363,Laura Doe,25,hombre,Contaduría Pública,6.41,15,92,Juárez,Alto,Sí
364,Sofia Brown,26,hombre,Contaduría Pública,6.87,39,87,Pesquería,Bajo,Sí
365,Carlos Gonzalez,20,hombre,Tecnologías de Información,9.18,18,64,Juárez,Bajo,Sí
366,Luis Lee,29,hombre,Gestión de la Responsabilidad Social,8.24,8,77,Juárez,Bajo,Sí
367,Robert Rivera,28,hombre,Gestión de la Responsabilidad Social,6.8,8,78,Santiago,Bajo,No
368,Alice Rivera,28,mujer,Inteligencia Financiera,6.34,19,77,Pesquería,Bajo,No
369,John Doe,26,mujer,Administración,6.75,22,56,Santa Catarina,Medio,Sí
370,María Brown,30,hombre,Emprendimiento e Innovación,6.96,27,68,Juárez,Medio,No
371,Emma Rivera,26,hombre,Inteligencia Financiera,7.22,28,58,Apodaca,Alto,Sí
372,Laura Doe,19,otro,Administración,8.69,36,60,Montemorelos,Bajo,No
373,Carlos García,22,mujer,Gestión de la Responsabilidad Social,7.91,14,80,Monterrey,Alto,No
374,John Brown,19,otro,Gestión de la Responsabilidad Social,7.32,33,91,Allende,Medio,No
375,Alice Lee,27,mujer,Emprendimiento e Innovación,7.23,20,86,San Pedro Garza García,Alto,Sí
376,Luis Martinez,25,mujer,Inteligencia Financiera,7.53,14,89,Pesquería,Bajo,No
377,Emma García,27,mujer,Negocios Internacionales,6.7,32,70,Pesquería,Bajo,Sí
378,María Lopez,28,mujer,Negocios Internacionales,8.04,7,74,Montemorelos,Bajo,No
379,Carlos Brown,26,hombre,Contaduría Pública,7.08,10,59,Monterrey,Alto,No
380,María Lee,19,hombre,Tecnologías de Información,8.11,13,68,Santiago,Medio,Sí
381,Sofia Brown,27,mujer,Gestión de la Responsabilidad Social,7.65,26,84,San Nicolás de los Garza,Medio,No
382,John Lee,22,mujer,Contaduría Pública,7.28,36,90,Cerralvo,Alto,Sí
383,Luis Rivera,27,mujer,Tecnologías de Información,9.1,18,70,Allende,Alto,No
384,Alice Lee,22,mujer,Gestión de la Responsabilidad Social,7.43,21,76,Santiago,Alto,No
385,Sofia Lopez,24,mujer,Administración,7.83,9,79,Montemorelos,Alto,Sí
386,Sofia García,24,otro,Administración,7.72,35,62,Santiago,Bajo,Sí
387,Emma Rivera,27,otro,Negocios Internacionales,9.94,38,94,Guadalupe,Bajo,No
388,Alice Rivera,21,mujer,Inteligencia Financiera,7.03,19,59,Apodaca,Alto,No
389,Luis Brown,20,otro,Negocios Internacionales,6.51,26,59,Apodaca,Medio,Sí
390,Sofia Gonzalez,28,hombre,Inteligencia Financiera,9.22,8,96,Monterrey,Medio,Sí
391,Robert Brown,19,hombre,Contaduría Pública,9.71,13,80,Pesquería,Alto,Sí
392,María Johnson,25,otro,Tecnologías de Información,8.63,22,81,Pesquería,Alto,Sí
393,Alice Gonzalez,22,hombre,Contaduría Pública,8.47,15,97,San Nicolás de los Garza,Bajo,No
394,Samantha Brown,28,mujer,Tecnologías de Información,7.29,15,76,Montemorelos,Alto,No
395,Robert Lopez,19,hombre,Gestión de la Responsabilidad Social,9.51,29,65,Monterrey,Medio,No
396,María Johnson,18,otro,Negocios Internacionales,8.36,28,98,García,Medio,No
397,Laura Lopez,26,mujer,Inteligencia Financiera,6.95,36,85,Pesquería,Alto,Sí
398,Sofia Rivera,29,otro,Emprendimiento e Innovación,9.64,29,100,Montemorelos,Alto,No
399,Alice Smith,22,mujer,Negocios Internacionales,7.66,26,85,Cerralvo,Bajo,No
400,Emma Doe,21,mujer,Administración,6.66,20,86,Cerralvo,Alto,No
401,Carlos Doe,28,mujer,Inteligencia Financiera,6.32,6,65,San Nicolás de los Garza,Bajo,Sí
402,Emma Lopez,25,hombre,Emprendimiento e Innovación,6.28,34,69,García,Bajo,Sí
403,María Doe,21,otro,Tecnologías de Información,8.16,29,70,San Pedro Garza García,Alto,No
404,John Smith,26,mujer,Inteligencia Financiera,9.53,10,65,Montemorelos,Bajo,Sí
405,Alice Rivera,25,mujer,Negocios Internacionales,6.43,18,79,San Pedro Garza García,Bajo,No
406,María Doe,28,otro,Inteligencia Financiera,6.87,39,81,Cadereyta,Alto,No
407,Laura Lopez,29,otro,Administración,6.29,7,91,Montemorelos,Bajo,Sí
408,Alice Gonzalez,18,hombre,Administración,7.82,5,54,Pesquería,Medio,No
409,María Martinez,23,mujer,Emprendimiento e Innovación,6.07,12,74,San Pedro Garza García,Medio,Sí
410,Laura Smith,22,otro,Negocios Internacionales,9.15,34,86,San Pedro Garza García,Bajo,No
411,Alice Martinez,20,otro,Contaduría Pública,8.37,40,85,Montemorelos,Bajo,No
412,Laura Lee,20,otro,Inteligencia Financiera,9.47,14,85,Apodaca,Alto,No
413,María García,22,mujer,Emprendimiento e Innovación,8.7,38,92,Allende,Bajo,Sí
414,Sofia Doe,21,otro,Tecnologías de Información,7.46,12,76,Santiago,Alto,No
415,Emma Smith,18,mujer,Emprendimiento e Innovación,7.36,7,65,Santiago,Alto,No
416,Luis Lopez,22,otro,Administración,9.97,39,97,Allende,Bajo,No
417,Emma Brown,28,hombre,Inteligencia Financiera,7.4,16,78,Guadalupe,Medio,Sí
418,Sofia Martinez,23,otro,Contaduría Pública,8.16,35,66,Escobedo,Alto,No
419,Robert Smith,22,hombre,Emprendimiento e Innovación,7.25,29,99,Pesquería,Alto,Sí
420,Luis Gonzalez,28,otro,Gestión de la Responsabilidad Social,9.21,34,76,Santa Catarina,Medio,No
421,Carlos Gonzalez,18,mujer,Tecnologías de Información,7.77,13,95,Escobedo,Medio,Sí
422,Laura Johnson,22,hombre,Emprendimiento e Innovación,7.99,30,56,Apodaca,Bajo,Sí
423,Carlos Martinez,21,hombre,Tecnologías de Información,7.47,32,100,Cadereyta,Medio,No
424,Emma García,28,otro,Emprendimiento e Innovación,6.14,9,50,Pesquería,Bajo,No
425,Carlos Gonzalez,27,hombre,Emprendimiento e Innovación,7.77,12,79,San Nicolás de los Garza,Medio,No
426,Sofia Gonzalez,22,hombre,Tecnologías de Información,6.27,26,55,Santa Catarina,Alto,Sí
427,John Johnson,19,hombre,Administración,7.81,30,84,García,Bajo,No
428,Robert García,18,hombre,Emprendimiento e Innovación,8.08,18,55,Monterrey,Medio,No
429,Carlos Rivera,19,hombre,Tecnologías de Información,7.28,12,85,Santiago,Bajo,No
430,Emma Martinez,19,hombre,Emprendimiento e Innovación,7.68,35,70,San Pedro Garza García,Alto,Sí
431,Carlos Smith,19,mujer,Negocios Internacionales,9.43,38,80,San Pedro Garza García,Alto,Sí
432,Emma García,24,otro,Contaduría Pública,6.34,23,92,Pesquería,Bajo,No
433,Alice Doe,30,mujer,Gestión de la Responsabilidad Social,7.64,8,87,San Pedro Garza García,Medio,Sí
434,Robert García,22,hombre,Inteligencia Financiera,8.03,35,74,Cadereyta,Medio,No
435,Samantha Smith,26,hombre,Emprendimiento e Innovación,7.22,23,93,Santa Catarina,Alto,No
436,Robert Lee,25,otro,Contaduría Pública,7.11,36,77,Pesquería,Alto,No
437,María García,29,hombre,Gestión de la Responsabilidad Social,6.96,37,68,Santa Catarina,Alto,Sí
438,Emma Martinez,26,otro,Inteligencia Financiera,9.18,11,92,Allende,Bajo,No
439,María Rivera,21,mujer,Contaduría Pública,6.4,35,63,Cerralvo,Bajo,No
440,Sofia García,28,hombre,Contaduría Pública,7.18,7,52,Apodaca,Alto,No
441,Alice Rivera,24,mujer,Inteligencia Financiera,6.12,22,63,Guadalupe,Bajo,Sí
442,Laura Johnson,21,hombre,Emprendimiento e Innovación,8.09,39,92,Santa Catarina,Medio,No
443,Sofia Johnson,24,hombre,Contaduría Pública,6.52,36,100,Cadereyta,Alto,Sí
444,Alice Martinez,26,mujer,Administración,9.1,8,98,Montemorelos,Alto,Sí
445,María Rivera,30,hombre,Contaduría Pública,6.31,22,84,Monterrey,Bajo,Sí
446,María García,25,hombre,Inteligencia Financiera,9.71,36,50,Pesquería,Medio,Sí
447,Alice Johnson,26,mujer,Administración,8.39,25,87,Santa Catarina,Bajo,No
448,María García,25,otro,Gestión de la Responsabilidad Social,7.5,24,60,García,Alto,No
449,Sofia Martinez,24,hombre,Gestión de la Responsabilidad Social,6.78,31,53,Linares,Alto,No
450,John García,26,hombre,Tecnologías de Información,6.83,31,76,Cerralvo,Medio,No
451,Laura Johnson,30,mujer,Tecnologías de Información,8.24,36,95,Juárez,Bajo,Sí
452,Emma Smith,22,hombre,Gestión de la Responsabilidad Social,8.77,35,78,San Nicolás de los Garza,Bajo,Sí
453,Alice Smith,22,hombre,Gestión de la Responsabilidad Social,8.46,20,89,Apodaca,Medio,No
454,Samantha Doe,21,otro,Tecnologías de Información,7.75,10,86,San Pedro Garza García,Bajo,No
455,Sofia Lee,24,otro,Inteligencia Financiera,6.58,28,51,García,Medio,Sí
456,Samantha Brown,26,otro,Negocios Internacionales,8.32,20,51,Santa Catarina,Alto,Sí
457,Robert Lee,28,otro,Emprendimiento e Innovación,9.38,32,75,Cadereyta,Medio,Sí
458,Laura Lee,19,hombre,Contaduría Pública,8.2,33,95,Allende,Bajo,No
459,Samantha García,24,otro,Emprendimiento e Innovación,8.64,25,94,Pesquería,Medio,Sí
460,Robert Lopez,29,mujer,Gestión de la Responsabilidad Social,9.67,9,68,Juárez,Medio,No
461,María Brown,23,hombre,Inteligencia Financiera,9.88,15,98,San Nicolás de los Garza,Bajo,Sí
462,Robert Brown,22,hombre,Tecnologías de Información,8.83,6,78,Cadereyta,Medio,No
463,Samantha Rivera,19,mujer,Administración,8.28,8,51,Santiago,Alto,Sí
464,Robert Smith,29,mujer,Gestión de la Responsabilidad Social,8.22,5,97,Apodaca,Alto,Sí
465,Robert Johnson,23,mujer,Administración,9.28,5,75,Santiago,Bajo,Sí
466,Sofia Johnson,29,otro,Inteligencia Financiera,7.52,21,71,Santa Catarina,Bajo,Sí
467,Sofia Lee,28,otro,Gestión de la Responsabilidad Social,6.21,15,84,Santa Catarina,Alto,No
468,Samantha Rivera,28,mujer,Negocios Internacionales,6.7,14,94,San Pedro Garza García,Bajo,No
469,Sofia Smith,25,hombre,Gestión de la Responsabilidad Social,8.46,12,99,Santiago,Bajo,No
470,Emma Smith,20,hombre,Inteligencia Financiera,9.87,17,60,Allende,Alto,Sí
471,María Lee,18,otro,Contaduría Pública,7.78,13,82,San Pedro Garza García,Bajo,Sí
472,Carlos García,27,mujer,Inteligencia Financiera,9.35,15,82,Monterrey,Bajo,No
473,John Rivera,18,mujer,Gestión de la Responsabilidad Social,8.11,8,62,Allende,Medio,No
474,John Martinez,20,mujer,Negocios Internacionales,7.43,7,69,Cerralvo,Alto,Sí
475,Emma Martinez,28,mujer,Emprendimiento e Innovación,9.99,21,54,San Nicolás de los Garza,Medio,Sí
476,Robert Smith,20,otro,Gestión de la Responsabilidad Social,8.05,35,84,Linares,Bajo,Sí
477,John Rivera,29,mujer,Tecnologías de Información,7.59,24,94,Montemorelos,Alto,Sí
478,Laura Doe,18,otro,Administración,9.87,20,83,Juárez,Bajo,Sí
479,Carlos Martinez,18,hombre,Gestión de la Responsabilidad Social,7.49,6,87,Cadereyta,Medio,No
480,Luis Martinez,28,hombre,Gestión de la Responsabilidad Social,9.32,25,90,García,Medio,No
481,María Brown,30,otro,Tecnologías de Información,8.52,17,72,Linares,Alto,No
482,Luis Gonzalez,24,mujer,Inteligencia Financiera,6.22,35,53,Apodaca,Alto,Sí
483,Emma Lee,21,hombre,Emprendimiento e Innovación,8.16,38,64,Cadereyta,Medio,Sí
484,Alice Doe,18,otro,Emprendimiento e Innovación,6.26,27,87,Santa Catarina,Medio,No
485,Emma Doe,27,otro,Contaduría Pública,8.72,19,77,Santa Catarina,Medio,No
486,Luis Johnson,23,hombre,Tecnologías de Información,8.95,12,62,Pesquería,Medio,No
487,Carlos Gonzalez,25,otro,Inteligencia Financiera,6.89,13,59,Monterrey,Medio,Sí
488,Emma Lopez,28,otro,Inteligencia Financiera,9.46,21,57,Monterrey,Alto,No
489,Robert Doe,18,mujer,Inteligencia Financiera,9.61,30,58,Monterrey,Medio,Sí
490,Laura Martinez,30,hombre,Emprendimiento e Innovación,9.34,17,58,Monterrey,Medio,No
491,Alice Rivera,23,hombre,Inteligencia Financiera,9.95,31,74,Santiago,Alto,Sí
492,Carlos Rivera,28,otro,Gestión de la Responsabilidad Social,6.48,35,79,Cadereyta,Medio,No
493,Emma Doe,18,mujer,Tecnologías de Información,8.23,13,87,Monterrey,Bajo,No
494,Laura Rivera,19,otro,Negocios Internacionales,9.09,7,97,San Pedro Garza García,Medio,Sí
495,John Brown,23,otro,Inteligencia Financiera,9.96,32,53,San Pedro Garza García,Bajo,Sí
496,Luis Johnson,30,mujer,Administración,9.01,15,98,Pesquería,Alto,No
497,Alice Doe,23,mujer,Negocios Internacionales,9.34,11,62,Santiago,Bajo,Sí
498,María Rivera,24,mujer,Contaduría Pública,8.62,34,59,Guadalupe,Bajo,Sí
499,Luis Johnson,22,hombre,Gestión de la Responsabilidad Social,6.01,19,89,Santa Catarina,Alto,Sí
500,Sofia García,25,hombre,Contaduría Pública,9.82,20,58,San Nicolás de los Garza,Medio,Sí
501,Sofia Martinez,27,otro,Negocios Internacionales,6.63,7,92,Santiago,Bajo,No
502,Sofia Johnson,20,hombre,Inteligencia Financiera,9.46,17,94,Allende,Medio,Sí
503,Emma Gonzalez,29,hombre,Contaduría Pública,7.87,32,93,Cerralvo,Bajo,Sí
504,Emma Martinez,21,mujer,Negocios Internacionales,6.71,17,93,Cadereyta,Alto,No
505,Carlos Lopez,27,hombre,Negocios Internacionales,9.22,11,90,Cadereyta,Bajo,No
506,John García,29,otro,Negocios Internacionales,9.82,40,71,Cerralvo,Bajo,Sí
507,Samantha García,26,mujer,Gestión de la Responsabilidad Social,8.02,8,88,Allende,Alto,Sí
508,Luis Gonzalez,22,mujer,Inteligencia Financiera,9.78,36,100,Cadereyta,Alto,Sí
509,Alice Gonzalez,29,hombre,Administración,9.3,21,54,Pesquería,Medio,Sí
510,Carlos Rivera,23,mujer,Negocios Internacionales,9.02,30,90,García,Medio,Sí
511,María Lopez,27,otro,Tecnologías de Información,7.09,5,68,Santiago,Medio,Sí
512,Laura Lopez,27,mujer,Tecnologías de Información,6.18,40,79,San Nicolás de los Garza,Medio,No
513,Robert García,30,hombre,Gestión de la Responsabilidad Social,7.44,21,50,Escobedo,Bajo,Sí
514,Laura Gonzalez,20,mujer,Contaduría Pública,7.8,20,50,Santa Catarina,Alto,Sí
515,Luis Smith,26,hombre,Contaduría Pública,6.43,10,99,San Nicolás de los Garza,Bajo,Sí
516,Sofia Smith,29,hombre,Tecnologías de Información,8.41,5,69,Linares,Alto,No
517,Emma Doe,27,mujer,Gestión de la Responsabilidad Social,8.48,7,57,San Nicolás de los Garza,Alto,Sí
518,Samantha Brown,27,hombre,Emprendimiento e Innovación,7.83,30,94,San Pedro Garza García,Alto,No
519,Samantha Brown,29,hombre,Inteligencia Financiera,9.4,12,92,Escobedo,Bajo,No
520,María García,20,mujer,Negocios Internacionales,6.25,30,90,Linares,Medio,No
521,Samantha Johnson,21,hombre,Negocios Internacionales,9.59,30,64,Cadereyta,Alto,No
522,Luis Smith,27,mujer,Administración,9.09,19,79,Santa Catarina,Bajo,No
523,Emma Brown,25,mujer,Inteligencia Financiera,6.63,23,96,Santiago,Bajo,Sí
524,Samantha Doe,24,hombre,Tecnologías de Información,9.57,34,56,Linares,Bajo,No
525,Emma Johnson,20,mujer,Administración,9.83,12,69,Montemorelos,Bajo,Sí
526,Samantha Rivera,27,otro,Gestión de la Responsabilidad Social,8.84,10,90,Allende,Alto,Sí
527,Luis Lee,18,otro,Negocios Internacionales,9.45,28,98,San Nicolás de los Garza,Medio,Sí
528,Laura Johnson,23,otro,Negocios Internacionales,6.84,16,60,Apodaca,Alto,Sí
529,Samantha García,26,mujer,Emprendimiento e Innovación,7.07,17,91,Monterrey,Bajo,No
530,Alice Rivera,28,mujer,Gestión de la Responsabilidad Social,8.16,17,71,Juárez,Bajo,No
531,Samantha Martinez,30,otro,Gestión de la Responsabilidad Social,7.61,36,55,Montemorelos,Bajo,Sí
532,Luis Gonzalez,18,otro,Gestión de la Responsabilidad Social,7.15,32,92,Santa Catarina,Bajo,Sí
533,Sofia Lee,20,otro,Administración,9.05,8,65,Cadereyta,Alto,No
534,Samantha García,26,mujer,Negocios Internacionales,8.66,34,93,San Pedro Garza García,Alto,Sí
535,Laura Lee,24,otro,Inteligencia Financiera,7.36,24,51,Pesquería,Bajo,Sí
536,Sofia Rivera,20,otro,Negocios Internacionales,7.69,8,55,Pesquería,Alto,No
537,Laura Lopez,23,otro,Gestión de la Responsabilidad Social,9.02,28,90,Guadalupe,Bajo,No
538,Alice Lopez,26,otro,Contaduría Pública,6.34,31,97,Cerralvo,Alto,No
539,Carlos Rivera,25,hombre,Administración,8.65,21,67,San Nicolás de los Garza,Alto,No
540,Robert Johnson,27,hombre,Contaduría Pública,6.17,23,90,Santiago,Alto,No
541,John Brown,19,hombre,Gestión de la Responsabilidad Social,9.2,14,83,Allende,Alto,No
542,Alice Rivera,26,mujer,Tecnologías de Información,7.11,19,65,San Pedro Garza García,Alto,No
543,Luis Lee,26,otro,Administración,6.13,15,92,Santiago,Bajo,Sí
544,María Martinez,27,mujer,Emprendimiento e Innovación,8.68,18,96,Juárez,Alto,No
545,Carlos García,18,otro,Administración,6.5,40,79,Santiago,Medio,No
546,Emma Brown,23,hombre,Inteligencia Financiera,6.33,23,97,San Pedro Garza García,Bajo,Sí
547,Carlos Lee,18,hombre,Inteligencia Financiera,9.99,32,66,Allende,Bajo,Sí
548,John Brown,29,hombre,Emprendimiento e Innovación,7.07,21,59,San Nicolás de los Garza,Bajo,No
549,Samantha Martinez,27,mujer,Emprendimiento e Innovación,7.93,7,60,Santiago,Bajo,No
550,Sofia Lee,25,otro,Negocios Internacionales,6.15,34,95,Cerralvo,Alto,No
551,Carlos Gonzalez,29,mujer,Inteligencia Financiera,8.19,38,61,Escobedo,Medio,No
552,Carlos Gonzalez,21,mujer,Administración,8.66,17,61,García,Medio,Sí
553,Robert García,24,hombre,Inteligencia Financiera,9.58,12,51,Santiago,Medio,No
554,Carlos Rivera,19,otro,Emprendimiento e Innovación,9.71,29,78,Escobedo,Bajo,Sí
555,Sofia Lopez,20,mujer,Tecnologías de Información,6.83,18,59,Pesquería,Bajo,Sí
556,Laura García,23,hombre,Emprendimiento e Innovación,8.94,31,88,García,Alto,No
557,Emma Rivera,18,mujer,Tecnologías de Información,6.46,31,71,Pesquería,Alto,No
558,Luis Rivera,22,otro,Contaduría Pública,7.23,7,74,Cadereyta,Medio,Sí
559,Samantha Smith,19,mujer,Administración,8.06,22,96,Escobedo,Bajo,Sí
560,Luis Lopez,24,mujer,Emprendimiento e Innovación,8.06,27,90,Montemorelos,Alto,Sí
561,Luis Doe,27,hombre,Administración,9.55,7,95,Cadereyta,Alto,No
562,Robert Johnson,20,otro,Inteligencia Financiera,8.05,36,73,Escobedo,Medio,Sí
563,Robert Lopez,20,otro,Administración,7.66,9,96,Santiago,Medio,No
564,Luis García,25,mujer,Administración,6.4,30,71,Monterrey,Medio,No
565,Alice Smith,26,mujer,Administración,9.79,34,59,Apodaca,Bajo,No
566,Samantha Rivera,25,hombre,Gestión de la Responsabilidad Social,6.71,17,50,Santa Catarina,Bajo,Sí
567,Luis Lopez,27,hombre,Negocios Internacionales,9.89,8,65,García,Medio,No
568,Samantha Lopez,23,otro,Administración,9.46,35,52,San Nicolás de los Garza,Bajo,Sí
569,Carlos Rivera,18,otro,Inteligencia Financiera,9.24,29,93,Linares,Bajo,Sí
570,Alice Lopez,23,hombre,Inteligencia Financiera,9.95,21,75,Monterrey,Medio,No
571,Luis Lee,29,otro,Inteligencia Financiera,9.12,10,82,Cerralvo,Bajo,Sí
572,Sofia Doe,20,otro,Inteligencia Financiera,6.64,33,53,Apodaca,Alto,No
573,Laura Johnson,27,otro,Administración,9.31,29,82,Pesquería,Bajo,No
574,María Gonzalez,24,otro,Emprendimiento e Innovación,8.71,29,96,Linares,Alto,No
575,María Lee,29,otro,Negocios Internacionales,6.26,28,95,San Pedro Garza García,Bajo,No
576,Alice García,30,hombre,Tecnologías de Información,8.06,15,97,San Pedro Garza García,Alto,Sí
577,María Brown,27,otro,Tecnologías de Información,7.62,22,50,San Pedro Garza García,Alto,Sí
578,John Doe,30,mujer,Negocios Internacionales,7.07,39,82,Cadereyta,Bajo,Sí
579,John Doe,21,otro,Emprendimiento e Innovación,8.3,20,52,Apodaca,Bajo,No
580,Sofia Martinez,18,hombre,Gestión de la Responsabilidad Social,8.28,30,79,Guadalupe,Bajo,Sí
581,Emma Johnson,19,otro,Gestión de la Responsabilidad Social,6.5,15,51,Apodaca,Medio,Sí
582,Laura Rivera,23,hombre,Tecnologías de Información,7.86,31,68,San Pedro Garza García,Medio,No
583,Sofia Lopez,25,hombre,Negocios Internacionales,7.13,39,96,Montemorelos,Alto,Sí
584,María Gonzalez,24,otro,Tecnologías de Información,7.23,8,62,Montemorelos,Medio,No
585,Robert Lopez,30,mujer,Inteligencia Financiera,7.45,13,50,Monterrey,Medio,Sí
586,Emma García,23,hombre,Gestión de la Responsabilidad Social,6.82,27,84,San Pedro Garza García,Bajo,Sí
587,Samantha Rivera,21,mujer,Gestión de la Responsabilidad Social,8.96,31,69,Linares,Bajo,No
588,Emma Lopez,21,mujer,Gestión de la Responsabilidad Social,7.73,39,50,Linares,Bajo,Sí
589,Robert Rivera,18,mujer,Negocios Internacionales,7.64,18,63,Pesquería,Medio,No
590,Carlos Martinez,29,hombre,Administración,6.92,22,50,Pesquería,Bajo,No
591,John Brown,27,hombre,Tecnologías de Información,8.42,13,74,Pesquería,Alto,No
592,Carlos Martinez,30,hombre,Administración,9.08,34,96,Pesquería,Medio,Sí
593,Luis García,22,otro,Contaduría Pública,8.64,10,65,Pesquería,Bajo,Sí
594,Luis García,19,hombre,Contaduría Pública,9.62,17,91,Cerralvo,Bajo,Sí
595,Alice Rivera,18,mujer,Emprendimiento e Innovación,7.15,27,55,Escobedo,Alto,No
596,Alice Smith,26,mujer,Gestión de la Responsabilidad Social,8.93,25,80,Cadereyta,Medio,No
597,Alice Smith,20,mujer,Inteligencia Financiera,9.38,20,91,Escobedo,Medio,Sí
598,Alice Lopez,22,otro,Negocios Internacionales,8.3,13,71,Guadalupe,Medio,Sí
599,Laura Lee,20,otro,Emprendimiento e Innovación,8.72,22,55,Cadereyta,Bajo,Sí
600,Sofia Lopez,27,otro,Emprendimiento e Innovación,8.44,10,63,Allende,Alto,No
601,Luis Johnson,20,otro,Contaduría Pública,8.95,19,59,Linares,Medio,No
602,John García,25,hombre,Contaduría Pública,8.95,38,88,San Pedro Garza García,Bajo,Sí
603,María Rivera,23,hombre,Negocios Internacionales,7.26,37,98,San Nicolás de los Garza,Bajo,No
604,Carlos Lopez,27,mujer,Inteligencia Financiera,9.11,30,82,San Pedro Garza García,Bajo,Sí
605,Emma Lee,22,hombre,Tecnologías de Información,9.01,9,68,San Nicolás de los Garza,Bajo,No
606,Robert Brown,20,otro,Negocios Internacionales,9.94,10,53,García,Medio,No
607,Alice Doe,25,hombre,Emprendimiento e Innovación,7.67,35,87,García,Alto,No
608,Alice Lee,19,hombre,Contaduría Pública,9.8,8,82,Santiago,Bajo,No
609,Carlos Rivera,19,mujer,Tecnologías de Información,8.56,34,77,Santa Catarina,Bajo,Sí
610,Carlos Brown,23,otro,Gestión de la Responsabilidad Social,9.23,22,54,Juárez,Alto,Sí
611,Laura Lopez,19,mujer,Negocios Internacionales,8.64,8,89,Pesquería,Medio,Sí
612,Luis Brown,28,mujer,Negocios Internacionales,8.09,28,94,Cadereyta,Bajo,No
613,Carlos Brown,27,mujer,Inteligencia Financiera,8.07,19,52,Apodaca,Bajo,Sí
614,Emma Doe,18,otro,Contaduría Pública,9.98,37,57,Juárez,Alto,Sí
615,Sofia Lee,26,otro,Tecnologías de Información,8.15,40,88,Juárez,Alto,No
616,John Doe,21,mujer,Negocios Internacionales,7.38,17,81,Cadereyta,Bajo,Sí
617,Samantha Lee,20,hombre,Inteligencia Financiera,6.54,23,73,Santiago,Medio,No
618,Samantha Brown,21,otro,Emprendimiento e Innovación,7.29,9,88,Escobedo,Alto,Sí
619,Alice Smith,19,otro,Tecnologías de Información,9.25,20,63,Guadalupe,Medio,Sí
620,Alice Rivera,22,mujer,Emprendimiento e Innovación,7.38,10,60,Montemorelos,Bajo,Sí
621,Alice Lee,20,mujer,Tecnologías de Información,6.05,37,92,Montemorelos,Bajo,No
622,Alice Lee,19,mujer,Contaduría Pública,6.16,13,97,San Pedro Garza García,Alto,Sí
623,Luis Lee,27,hombre,Administración,6.5,8,79,San Pedro Garza García,Medio,No
624,María Lopez,19,hombre,Gestión de la Responsabilidad Social,8.18,16,58,García,Medio,No
625,Sofia Martinez,20,mujer,Emprendimiento e Innovación,6.03,13,55,Apodaca,Bajo,No
626,Robert Lopez,25,otro,Gestión de la Responsabilidad Social,6.74,31,66,San Pedro Garza García,Bajo,Sí
627,María Martinez,23,hombre,Negocios Internacionales,6.83,7,89,Linares,Bajo,Sí
628,María Lee,23,mujer,Administración,8.9,14,92,Monterrey,Medio,No
629,Luis García,24,mujer,Emprendimiento e Innovación,9.8,37,51,San Nicolás de los Garza,Alto,Sí
630,John Martinez,30,hombre,Administración,7.53,36,83,San Pedro Garza García,Bajo,No
631,Sofia Brown,27,mujer,Emprendimiento e Innovación,7.87,38,93,Escobedo,Alto,Sí
632,María Johnson,30,hombre,Negocios Internacionales,8.87,31,60,San Pedro Garza García,Bajo,No
633,María Lee,26,mujer,Contaduría Pública,9.62,11,88,Santa Catarina,Medio,No
634,Emma Brown,22,mujer,Emprendimiento e Innovación,7.48,19,95,Santa Catarina,Alto,No
635,Carlos Doe,24,mujer,Emprendimiento e Innovación,8.59,23,99,San Pedro Garza García,Medio,No
636,Emma García,21,hombre,Administración,6.94,14,86,García,Bajo,Sí
637,Carlos Lee,21,mujer,Gestión de la Responsabilidad Social,9.6,14,60,Cerralvo,Bajo,No
638,Robert Smith,25,mujer,Tecnologías de Información,9.6,35,83,Monterrey,Bajo,Sí
639,Carlos Brown,22,otro,Emprendimiento e Innovación,9.32,24,60,Linares,Bajo,Sí
640,Samantha Rivera,19,mujer,Inteligencia Financiera,7.46,26,57,San Nicolás de los Garza,Alto,Sí
641,Samantha Rivera,26,otro,Emprendimiento e Innovación,8.57,20,59,Santiago,Medio,No
642,John Rivera,20,mujer,Negocios Internacionales,8.47,27,56,Santa Catarina,Medio,Sí
643,Alice Johnson,27,otro,Negocios Internacionales,7.73,16,95,Guadalupe,Medio,Sí
644,Emma Doe,24,hombre,Tecnologías de Información,7.05,26,65,Pesquería,Bajo,No
645,Luis Lee,21,otro,Tecnologías de Información,8.42,10,61,Allende,Bajo,No
646,Robert Doe,25,otro,Gestión de la Responsabilidad Social,8.43,5,70,Pesquería,Medio,Sí
647,Emma Brown,26,hombre,Inteligencia Financiera,7.73,27,82,Pesquería,Alto,Sí
648,Robert Gonzalez,20,hombre,Administración,9.86,29,54,Cadereyta,Medio,Sí
649,John Martinez,29,hombre,Contaduría Pública,7.92,16,92,Allende,Alto,Sí
650,Sofia Johnson,30,otro,Administración,7.04,26,98,García,Alto,No
651,John Lee,28,otro,Emprendimiento e Innovación,9.77,35,76,Monterrey,Alto,Sí
652,John Lopez,24,hombre,Tecnologías de Información,6.37,28,82,Cerralvo,Alto,Sí
653,Laura Smith,23,hombre,Tecnologías de Información,8.32,24,68,García,Alto,Sí
654,Emma Brown,27,hombre,Negocios Internacionales,9.81,33,80,Juárez,Alto,Sí
655,Sofia Lopez,23,otro,Emprendimiento e Innovación,8.62,9,85,García,Medio,Sí
656,Samantha Rivera,20,otro,Contaduría Pública,6.22,18,73,Santa Catarina,Alto,Sí
657,Alice Johnson,18,otro,Inteligencia Financiera,6.39,12,67,Guadalupe,Bajo,No
658,Robert Rivera,21,mujer,Gestión de la Responsabilidad Social,7.74,7,58,San Pedro Garza García,Medio,Sí
659,John Doe,20,otro,Tecnologías de Información,7.8,11,82,Cadereyta,Bajo,No
660,Sofia Doe,21,otro,Inteligencia Financiera,7.78,21,57,Juárez,Medio,Sí
661,Alice Johnson,19,hombre,Negocios Internacionales,6.0,23,67,Montemorelos,Medio,No
662,Carlos Smith,19,mujer,Emprendimiento e Innovación,9.01,36,62,García,Alto,No
663,Alice Lopez,19,mujer,Negocios Internacionales,8.75,26,52,Juárez,Alto,No
664,Samantha Lee,29,otro,Gestión de la Responsabilidad Social,7.68,8,78,Juárez,Medio,No
665,Laura Gonzalez,23,hombre,Emprendimiento e Innovación,7.34,24,77,García,Medio,No
666,Luis Martinez,30,hombre,Contaduría Pública,8.26,13,53,Santiago,Bajo,No
667,Alice Johnson,27,hombre,Tecnologías de Información,7.51,26,66,Linares,Alto,No
668,Laura García,19,otro,Negocios Internacionales,9.15,24,55,Juárez,Bajo,Sí
669,Emma Doe,27,hombre,Contaduría Pública,7.62,30,72,Apodaca,Bajo,Sí
670,Alice Doe,18,otro,Contaduría Pública,8.34,13,86,García,Alto,No
671,Laura Smith,18,hombre,Inteligencia Financiera,6.68,34,69,Cadereyta,Bajo,Sí
672,Laura Lee,26,otro,Administración,8.18,15,88,Pesquería,Bajo,Sí
673,Alice Rivera,25,mujer,Emprendimiento e Innovación,7.21,22,84,Montemorelos,Bajo,Sí
674,Robert Martinez,27,hombre,Tecnologías de Información,6.47,36,59,Guadalupe,Bajo,Sí
675,Emma Brown,26,hombre,Emprendimiento e Innovación,6.92,21,78,Cadereyta,Bajo,No
676,Luis Smith,30,hombre,Emprendimiento e Innovación,6.6,40,82,San Pedro Garza García,Bajo,Sí
677,Alice García,21,mujer,Administración,8.91,12,79,Apodaca,Medio,No
678,Sofia Rivera,23,hombre,Contaduría Pública,7.53,20,84,Apodaca,Alto,No
679,Carlos Lopez,27,mujer,Tecnologías de Información,6.38,9,86,Montemorelos,Alto,No
680,Samantha García,22,mujer,Administración,7.24,9,87,Cerralvo,Alto,Sí
681,Laura Lopez,29,mujer,Negocios Internacionales,9.55,18,72,Cadereyta,Bajo,Sí
682,Luis Doe,30,otro,Emprendimiento e Innovación,8.94,15,81,Guadalupe,Medio,No
683,Luis Smith,27,mujer,Emprendimiento e Innovación,8.72,30,69,Santa Catarina,Bajo,No
684,Luis Gonzalez,30,hombre,Emprendimiento e Innovación,7.58,30,98,Allende,Bajo,No
685,Robert Rivera,25,otro,Administración,8.09,5,55,García,Medio,Sí
686,María Martinez,22,mujer,Administración,8.55,8,97,San Nicolás de los Garza,Bajo,Sí
687,Sofia Johnson,28,hombre,Tecnologías de Información,6.02,31,82,Guadalupe,Bajo,No
688,Sofia Lopez,23,hombre,Contaduría Pública,6.16,29,71,San Pedro Garza García,Bajo,Sí
689,Alice Johnson,22,otro,Inteligencia Financiera,7.75,9,59,Cadereyta,Medio,Sí
690,Alice Brown,21,mujer,Contaduría Pública,7.56,33,50,Allende,Bajo,No
691,María Lee,28,hombre,Negocios Internacionales,7.43,13,69,Cadereyta,Medio,No
692,Laura Doe,24,hombre,Emprendimiento e Innovación,7.72,28,98,Linares,Alto,Sí
693,Laura Smith,18,mujer,Administración,6.46,37,57,Juárez,Alto,No
694,Emma Gonzalez,25,hombre,Gestión de la Responsabilidad Social,8.53,36,67,Santiago,Alto,No
695,Luis Brown,25,mujer,Tecnologías de Información,7.11,37,65,Pesquería,Alto,No
696,Luis Lee,20,mujer,Tecnologías de Información,9.82,5,79,Monterrey,Medio,No
697,Sofia Gonzalez,22,otro,Gestión de la Responsabilidad Social,8.52,36,54,Cadereyta,Bajo,No
698,Emma Lopez,19,otro,Tecnologías de Información,8.51,13,98,Montemorelos,Bajo,Sí
699,John Rivera,26,otro,Gestión de la Responsabilidad Social,9.6,25,90,Montemorelos,Alto,No
700,Luis Doe,29,mujer,Tecnologías de Información,9.33,26,64,Monterrey,Alto,Sí
701,John Lopez,25,mujer,Inteligencia Financiera,7.4,39,68,Allende,Bajo,No
702,John Brown,19,otro,Administración,6.87,27,79,Linares,Alto,No
703,María Martinez,27,mujer,Administración,7.3,23,69,Guadalupe,Medio,Sí
704,Alice García,22,otro,Administración,7.68,10,73,Monterrey,Alto,Sí
705,Robert Gonzalez,28,mujer,Administración,8.51,35,99,Cadereyta,Medio,Sí
706,Carlos Johnson,21,mujer,Contaduría Pública,8.82,38,78,Linares,Medio,Sí
707,Laura Smith,20,mujer,Contaduría Pública,7.88,20,75,Monterrey,Bajo,No
708,John Martinez,27,mujer,Emprendimiento e Innovación,7.29,33,64,Cerralvo,Alto,Sí
709,Sofia García,28,otro,Administración,6.38,19,73,Montemorelos,Bajo,No
710,Alice Gonzalez,27,hombre,Inteligencia Financiera,9.18,23,52,Linares,Alto,No
711,Robert Lopez,18,mujer,Gestión de la Responsabilidad Social,7.0,37,84,Apodaca,Medio,Sí
712,Samantha Gonzalez,21,otro,Tecnologías de Información,8.82,36,66,Santiago,Alto,Sí
713,Emma Lee,18,hombre,Negocios Internacionales,9.23,20,79,Montemorelos,Medio,No
714,Emma Johnson,23,otro,Gestión de la Responsabilidad Social,9.86,11,72,San Pedro Garza García,Medio,Sí
715,Emma Rivera,29,otro,Tecnologías de Información,7.77,35,90,Santiago,Medio,No
716,Samantha Lopez,26,otro,Tecnologías de Información,8.2,26,82,Linares,Bajo,Sí
717,Alice García,20,otro,Tecnologías de Información,8.96,5,51,San Pedro Garza García,Medio,Sí
718,John García,22,mujer,Emprendimiento e Innovación,7.75,23,56,Santiago,Bajo,Sí
719,Sofia Rivera,21,mujer,Contaduría Pública,7.04,7,59,Juárez,Bajo,Sí
720,Laura García,27,mujer,Contaduría Pública,8.7,37,100,Santa Catarina,Bajo,No
721,Carlos Gonzalez,24,otro,Tecnologías de Información,9.25,7,88,San Pedro Garza García,Alto,No
722,Emma Johnson,20,otro,Contaduría Pública,7.66,27,75,Allende,Bajo,No
723,Sofia García,20,mujer,Contaduría Pública,8.19,33,52,Cadereyta,Bajo,Sí
724,Luis Gonzalez,21,otro,Gestión de la Responsabilidad Social,6.5,28,56,Cadereyta,Alto,No
725,Sofia Martinez,24,hombre,Contaduría Pública,6.86,20,88,Linares,Medio,No
726,María Brown,22,otro,Tecnologías de Información,9.54,13,52,Linares,Bajo,Sí
727,Luis Doe,27,otro,Negocios Internacionales,9.76,39,82,Monterrey,Medio,No
728,John Gonzalez,29,mujer,Administración,7.07,36,83,Cerralvo,Alto,Sí
729,John Lee,23,mujer,Negocios Internacionales,6.24,11,88,Monterrey,Medio,Sí
730,Alice García,25,hombre,Contaduría Pública,9.38,23,92,Linares,Alto,No
731,Robert Doe,23,mujer,Contaduría Pública,9.44,20,72,Juárez,Bajo,Sí
732,Emma Brown,28,mujer,Administración,6.42,35,76,Santiago,Bajo,No
733,Alice Brown,25,mujer,Negocios Internacionales,6.73,8,73,Cadereyta,Bajo,Sí
734,Laura Johnson,27,hombre,Emprendimiento e Innovación,6.66,35,93,Guadalupe,Medio,Sí
735,Alice Lopez,23,otro,Gestión de la Responsabilidad Social,9.09,19,62,Montemorelos,Alto,No
736,Sofia Rivera,19,hombre,Gestión de la Responsabilidad Social,9.83,37,56,Santiago,Bajo,No
737,Carlos Lee,19,mujer,Emprendimiento e Innovación,7.97,14,99,Guadalupe,Medio,Sí
738,Samantha Lopez,20,mujer,Tecnologías de Información,6.88,28,56,Montemorelos,Alto,Sí
739,Carlos Gonzalez,28,otro,Gestión de la Responsabilidad Social,8.73,30,95,Allende,Alto,No
740,Samantha Brown,28,otro,Negocios Internacionales,7.76,10,74,Cerralvo,Medio,Sí
741,Emma Smith,20,mujer,Inteligencia Financiera,8.43,32,52,Escobedo,Medio,Sí
742,Luis García,26,mujer,Tecnologías de Información,7.47,22,54,Guadalupe,Medio,No
743,Luis Martinez,22,otro,Contaduría Pública,9.1,24,61,Santiago,Alto,No
744,Laura Doe,19,mujer,Inteligencia Financiera,8.96,35,55,San Pedro Garza García,Alto,No
745,María Johnson,24,otro,Negocios Internacionales,9.94,6,69,Pesquería,Medio,Sí
746,Samantha Lee,20,mujer,Inteligencia Financiera,8.92,18,85,Allende,Alto,No
747,Alice Lopez,20,hombre,Negocios Internacionales,9.34,40,75,Cerralvo,Alto,Sí
748,John Lee,19,mujer,Gestión de la Responsabilidad Social,8.53,11,73,Pesquería,Bajo,No
749,Emma García,21,mujer,Contaduría Pública,8.53,5,93,Santiago,Medio,Sí
750,Luis Rivera,23,otro,Inteligencia Financiera,9.3,18,97,Santiago,Alto,No
751,Carlos Gonzalez,25,otro,Administración,7.83,32,89,García,Bajo,Sí
752,Laura Smith,18,otro,Inteligencia Financiera,6.88,33,97,Pesquería,Bajo,No
753,María Brown,25,otro,Gestión de la Responsabilidad Social,6.85,17,80,San Pedro Garza García,Alto,Sí
754,María Lopez,26,mujer,Negocios Internacionales,9.37,37,62,San Nicolás de los Garza,Medio,No
755,Laura García,20,mujer,Inteligencia Financiera,9.64,39,85,Juárez,Bajo,No
756,Laura Doe,29,hombre,Contaduría Pública,10.0,26,76,San Pedro Garza García,Medio,Sí
757,Sofia García,20,hombre,Administración,7.27,16,80,Cerralvo,Alto,Sí
758,Samantha García,28,otro,Emprendimiento e Innovación,7.83,38,66,Allende,Bajo,No
759,Samantha Rivera,29,hombre,Gestión de la Responsabilidad Social,6.99,39,79,Guadalupe,Bajo,Sí
760,Laura Doe,29,mujer,Emprendimiento e Innovación,9.24,7,74,San Pedro Garza García,Bajo,Sí
761,Sofia Gonzalez,22,hombre,Emprendimiento e Innovación,6.78,27,58,San Nicolás de los Garza,Alto,No
762,Robert Rivera,23,hombre,Gestión de la Responsabilidad Social,8.4,34,52,Guadalupe,Bajo,No
763,Sofia Doe,25,hombre,Contaduría Pública,8.15,19,86,Monterrey,Alto,Sí
764,Samantha Doe,24,otro,Contaduría Pública,6.45,20,55,San Nicolás de los Garza,Bajo,Sí
765,Robert Gonzalez,28,otro,Administración,7.95,20,76,Monterrey,Medio,No
766,Samantha Gonzalez,24,hombre,Tecnologías de Información,9.73,37,57,Monterrey,Medio,No
767,María Lee,26,mujer,Inteligencia Financiera,8.02,30,76,Guadalupe,Medio,Sí
768,Luis Doe,25,otro,Emprendimiento e Innovación,6.29,34,64,García,Bajo,No
769,Emma Martinez,30,hombre,Contaduría Pública,7.99,15,84,San Pedro Garza García,Bajo,Sí
770,John Rivera,18,hombre,Gestión de la Responsabilidad Social,8.61,20,97,Apodaca,Alto,No
771,Luis Brown,29,mujer,Inteligencia Financiera,8.7,22,50,Santiago,Alto,No
772,Carlos García,28,mujer,Gestión de la Responsabilidad Social,8.87,16,95,San Nicolás de los Garza,Bajo,Sí
773,Sofia Rivera,21,otro,Negocios Internacionales,7.92,18,76,Montemorelos,Alto,No
774,María Lopez,21,otro,Inteligencia Financiera,8.24,21,76,Juárez,Medio,No
775,Carlos Martinez,30,mujer,Emprendimiento e Innovación,9.37,32,88,Guadalupe,Alto,Sí
776,Laura Martinez,29,otro,Inteligencia Financiera,7.97,11,78,San Nicolás de los Garza,Bajo,Sí
777,Samantha Martinez,18,hombre,Administración,8.18,21,53,Allende,Medio,Sí
778,John García,25,hombre,Negocios Internacionales,6.41,7,74,Monterrey,Medio,Sí
779,Alice Martinez,18,mujer,Gestión de la Responsabilidad Social,8.62,19,71,Santiago,Medio,No
780,Carlos Johnson,27,otro,Tecnologías de Información,6.54,9,81,San Pedro Garza García,Medio,Sí
781,Carlos Martinez,20,mujer,Tecnologías de Información,7.33,14,62,Linares,Medio,Sí
782,María Johnson,22,mujer,Inteligencia Financiera,6.31,29,55,San Pedro Garza García,Alto,Sí
783,John Gonzalez,18,hombre,Administración,8.37,21,94,Santiago,Medio,Sí
784,Alice Brown,28,mujer,Negocios Internacionales,8.85,7,50,San Nicolás de los Garza,Alto,No
785,John García,23,hombre,Administración,7.65,37,61,Guadalupe,Bajo,No
786,Emma Martinez,25,mujer,Emprendimiento e Innovación,8.26,24,72,San Pedro Garza García,Bajo,No
787,Luis Smith,22,hombre,Emprendimiento e Innovación,6.77,17,66,Cadereyta,Alto,No
788,Laura Martinez,25,hombre,Contaduría Pública,8.18,6,67,Monterrey,Bajo,No
789,Emma Martinez,20,hombre,Inteligencia Financiera,6.79,38,89,San Nicolás de los Garza,Bajo,No
790,Samantha Doe,30,mujer,Contaduría Pública,8.31,28,90,Allende,Medio,Sí
791,Sofia García,21,mujer,Gestión de la Responsabilidad Social,7.56,32,95,García,Bajo,No
792,Emma Doe,18,hombre,Emprendimiento e Innovación,9.22,6,94,Linares,Alto,Sí
793,Alice Gonzalez,28,mujer,Emprendimiento e Innovación,6.54,19,91,Montemorelos,Alto,No
794,Luis García,30,otro,Administración,8.19,11,55,García,Alto,No
795,Laura García,24,otro,Negocios Internacionales,7.49,33,91,Santa Catarina,Medio,Sí
796,John Martinez,18,otro,Tecnologías de Información,7.52,15,88,García,Bajo,No
797,Carlos Doe,19,hombre,Emprendimiento e Innovación,6.78,6,52,García,Medio,Sí
798,Samantha García,29,hombre,Contaduría Pública,6.67,6,66,Pesquería,Medio,Sí
799,Luis Brown,23,otro,Tecnologías de Información,8.72,9,76,Escobedo,Alto,No
800,María Lopez,20,mujer,Administración,9.26,32,64,Cadereyta,Medio,No
801,Laura Martinez,28,mujer,Administración,9.37,8,79,San Pedro Garza García,Bajo,No
802,Luis Lopez,30,mujer,Contaduría Pública,9.09,7,70,García,Medio,Sí
803,Luis Lopez,25,hombre,Contaduría Pública,7.28,40,81,Santiago,Bajo,Sí
804,John Doe,26,mujer,Gestión de la Responsabilidad Social,7.38,6,64,Cadereyta,Alto,No
805,María Lee,28,mujer,Gestión de la Responsabilidad Social,9.4,26,53,Guadalupe,Alto,Sí
806,Emma Rivera,24,hombre,Gestión de la Responsabilidad Social,6.27,23,82,Apodaca,Medio,Sí
807,Luis Johnson,26,hombre,Emprendimiento e Innovación,8.33,36,56,Santiago,Alto,No
808,Robert Rivera,25,mujer,Administración,6.93,10,59,Apodaca,Alto,No
809,Sofia Lee,19,hombre,Negocios Internacionales,6.44,37,67,García,Alto,Sí
810,Alice Johnson,23,otro,Gestión de la Responsabilidad Social,7.61,31,51,Juárez,Bajo,Sí
811,John García,24,hombre,Administración,8.63,8,82,Santiago,Alto,Sí
812,John Johnson,20,hombre,Emprendimiento e Innovación,9.69,34,55,San Pedro Garza García,Medio,Sí
813,Alice Lee,26,otro,Emprendimiento e Innovación,7.38,33,56,Santiago,Bajo,No
814,Robert Rivera,23,hombre,Inteligencia Financiera,9.07,38,56,Pesquería,Medio,Sí
815,Luis Doe,25,otro,Contaduría Pública,6.39,36,59,Linares,Medio,Sí
816,John Lee,24,otro,Negocios Internacionales,6.63,12,61,San Pedro Garza García,Alto,No
817,Alice Martinez,23,otro,Inteligencia Financiera,10.0,26,50,Escobedo,Medio,Sí
818,John Doe,24,mujer,Emprendimiento e Innovación,6.58,26,76,Montemorelos,Bajo,No
819,Carlos Gonzalez,27,otro,Tecnologías de Información,7.06,14,55,Montemorelos,Alto,Sí
820,Emma García,18,mujer,Gestión de la Responsabilidad Social,7.13,9,74,San Nicolás de los Garza,Medio,Sí
821,Laura Johnson,24,otro,Tecnologías de Información,9.68,28,51,Montemorelos,Medio,No
822,Robert Rivera,28,mujer,Emprendimiento e Innovación,8.69,8,77,Monterrey,Alto,No
823,María Martinez,19,otro,Contaduría Pública,7.75,37,81,Guadalupe,Bajo,No
824,Sofia Lee,30,otro,Contaduría Pública,7.39,9,87,Guadalupe,Bajo,Sí
825,John Lee,25,mujer,Emprendimiento e Innovación,8.68,22,95,Cadereyta,Bajo,No
826,Alice Lopez,24,mujer,Contaduría Pública,7.48,14,52,García,Medio,No
827,Emma Martinez,18,hombre,Emprendimiento e Innovación,9.41,18,63,García,Medio,No
828,Sofia Lopez,26,hombre,Emprendimiento e Innovación,7.13,28,52,Apodaca,Bajo,Sí
829,John Gonzalez,20,otro,Inteligencia Financiera,7.22,32,84,Apodaca,Medio,Sí
830,John Smith,26,hombre,Inteligencia Financiera,7.26,32,82,San Nicolás de los Garza,Bajo,No
831,Laura Brown,27,mujer,Contaduría Pública,7.75,20,66,Cerralvo,Medio,Sí
832,Samantha Martinez,19,otro,Tecnologías de Información,6.45,18,81,Allende,Medio,Sí
833,Carlos Lee,23,mujer,Inteligencia Financiera,9.08,34,80,Escobedo,Alto,Sí
834,Robert García,28,otro,Tecnologías de Información,6.38,18,68,Cadereyta,Medio,No
835,Laura Doe,22,otro,Administración,6.06,10,67,San Nicolás de los Garza,Alto,No
836,Alice Rivera,28,hombre,Inteligencia Financiera,7.01,7,94,Cerralvo,Alto,Sí
837,Alice Johnson,18,mujer,Administración,9.48,30,65,Escobedo,Medio,Sí
838,Emma García,29,otro,Emprendimiento e Innovación,6.84,27,89,García,Medio,No
839,Carlos Rivera,28,mujer,Negocios Internacionales,7.94,15,74,Cadereyta,Bajo,Sí
840,María Smith,28,otro,Emprendimiento e Innovación,9.62,25,65,Santiago,Medio,No
841,Luis Brown,28,mujer,Gestión de la Responsabilidad Social,6.57,34,50,Apodaca,Alto,No
842,Emma Smith,22,otro,Negocios Internacionales,8.59,9,97,Guadalupe,Bajo,Sí
843,Alice Johnson,27,hombre,Contaduría Pública,8.01,17,78,Montemorelos,Alto,Sí
844,Laura Gonzalez,29,hombre,Gestión de la Responsabilidad Social,9.32,17,88,Pesquería,Medio,No
845,Robert Johnson,22,hombre,Administración,8.94,30,71,Pesquería,Medio,Sí
846,Emma Gonzalez,20,otro,Tecnologías de Información,6.13,6,80,Cadereyta,Alto,No
847,Carlos Lopez,27,otro,Administración,7.16,30,68,Apodaca,Bajo,No
848,Samantha Lee,29,mujer,Contaduría Pública,7.91,15,59,Guadalupe,Medio,Sí
849,Samantha Doe,21,otro,Administración,7.31,18,58,Monterrey,Alto,Sí
850,Laura Johnson,21,otro,Emprendimiento e Innovación,8.85,16,67,Allende,Alto,No
851,Samantha Smith,20,otro,Contaduría Pública,6.65,27,86,Linares,Bajo,No
852,Robert Martinez,29,otro,Tecnologías de Información,6.3,13,81,Allende,Medio,Sí
853,John García,25,mujer,Contaduría Pública,9.93,29,52,García,Alto,Sí
854,John Lee,22,otro,Gestión de la Responsabilidad Social,7.69,40,59,Cadereyta,Medio,Sí
855,Samantha Doe,25,mujer,Inteligencia Financiera,7.79,24,57,San Nicolás de los Garza,Alto,No
856,Laura Brown,28,hombre,Contaduría Pública,8.12,29,99,Montemorelos,Bajo,No
857,Samantha Lopez,18,otro,Administración,6.8,24,51,Cadereyta,Alto,No
858,Sofia Lopez,24,otro,Contaduría Pública,8.06,15,88,Apodaca,Medio,No
859,John Rivera,21,hombre,Inteligencia Financiera,9.8,23,94,García,Medio,No
860,Samantha García,22,hombre,Tecnologías de Información,7.07,26,54,Cerralvo,Bajo,Sí
861,Laura Lee,30,otro,Administración,7.03,40,94,Santiago,Bajo,Sí
862,Carlos Lee,22,hombre,Emprendimiento e Innovación,7.24,30,78,Escobedo,Bajo,Sí
863,Luis Rivera,24,otro,Tecnologías de Información,6.65,10,96,Juárez,Alto,Sí
864,María Smith,29,hombre,Tecnologías de Información,9.53,20,69,Escobedo,Medio,No
865,Emma Gonzalez,18,mujer,Negocios Internacionales,8.41,25,66,San Nicolás de los Garza,Medio,No
866,Luis Lopez,21,mujer,Inteligencia Financiera,9.03,39,51,Apodaca,Bajo,No
867,Sofia Rivera,20,hombre,Contaduría Pública,9.85,15,100,Escobedo,Bajo,No
868,Alice Johnson,29,mujer,Administración,6.82,29,61,Escobedo,Medio,Sí
869,Samantha Lopez,20,otro,Gestión de la Responsabilidad Social,7.38,30,78,Monterrey,Alto,Sí
870,Carlos Brown,26,mujer,Negocios Internacionales,7.87,28,89,Allende,Bajo,No
871,Samantha Brown,23,mujer,Administración,9.58,12,57,Apodaca,Bajo,Sí
872,Laura Gonzalez,25,mujer,Gestión de la Responsabilidad Social,6.27,25,77,Escobedo,Alto,Sí
873,John Lee,21,otro,Inteligencia Financiera,8.29,22,59,Juárez,Alto,Sí
874,Alice Johnson,29,hombre,Emprendimiento e Innovación,6.32,7,94,Linares,Medio,No
875,María Rivera,22,otro,Contaduría Pública,9.38,20,59,Pesquería,Medio,No
876,Alice Johnson,20,otro,Negocios Internacionales,9.54,34,53,Cadereyta,Alto,Sí
877,Luis Gonzalez,22,otro,Administración,9.43,32,99,Santa Catarina,Medio,Sí
878,Emma Lee,22,otro,Tecnologías de Información,6.31,7,68,Cerralvo,Medio,Sí
879,Alice Smith,24,otro,Tecnologías de Información,8.04,12,61,Linares,Medio,Sí
880,John Lee,29,otro,Emprendimiento e Innovación,8.23,17,97,Linares,Medio,No
881,John Doe,25,otro,Administración,9.98,10,78,Allende,Medio,Sí
882,John García,29,otro,Contaduría Pública,6.81,7,91,Santa Catarina,Bajo,No
883,Emma García,19,mujer,Gestión de la Responsabilidad Social,7.49,33,83,San Nicolás de los Garza,Bajo,No
884,John Lee,30,hombre,Inteligencia Financiera,9.69,36,76,Juárez,Medio,No
885,Alice Lopez,23,otro,Tecnologías de Información,8.19,19,72,Linares,Bajo,No
886,Alice Doe,25,hombre,Negocios Internacionales,8.98,17,51,Pesquería,Bajo,Sí
887,Luis Smith,26,otro,Gestión de la Responsabilidad Social,7.9,9,68,Santa Catarina,Medio,No
888,Emma Brown,25,hombre,Negocios Internacionales,8.37,24,51,Santa Catarina,Bajo,Sí
889,Samantha García,30,mujer,Inteligencia Financiera,6.39,23,85,Juárez,Bajo,Sí
890,Emma Smith,18,hombre,Tecnologías de Información,9.68,18,91,Montemorelos,Medio,No
891,Luis Martinez,24,mujer,Gestión de la Responsabilidad Social,7.7,25,83,San Pedro Garza García,Bajo,No
892,Samantha Martinez,21,hombre,Emprendimiento e Innovación,8.57,7,71,Cerralvo,Alto,No
893,Emma Gonzalez,25,otro,Tecnologías de Información,6.46,36,77,Montemorelos,Bajo,Sí
894,Carlos Brown,24,mujer,Contaduría Pública,6.04,7,79,Santiago,Alto,Sí
895,Robert Johnson,29,hombre,Gestión de la Responsabilidad Social,8.85,40,90,García,Medio,No
896,Laura Brown,28,mujer,Administración,6.27,31,80,Allende,Alto,Sí
897,John Rivera,24,mujer,Contaduría Pública,9.22,9,82,Santa Catarina,Alto,Sí
898,Luis Smith,22,otro,Emprendimiento e Innovación,7.08,6,58,Monterrey,Medio,No
899,John Brown,23,hombre,Contaduría Pública,7.37,10,52,Pesquería,Medio,No
900,Carlos Martinez,29,otro,Contaduría Pública,8.53,40,58,San Pedro Garza García,Medio,No
901,María García,23,otro,Gestión de la Responsabilidad Social,9.5,20,92,Guadalupe,Bajo,No
902,Robert Rivera,26,hombre,Contaduría Pública,9.37,18,96,Escobedo,Alto,No
903,Sofia García,20,otro,Gestión de la Responsabilidad Social,7.23,6,79,Juárez,Alto,No
904,Robert Johnson,22,otro,Tecnologías de Información,6.04,28,58,Allende,Bajo,Sí
905,Alice Lee,23,mujer,Gestión de la Responsabilidad Social,6.23,29,97,Escobedo,Bajo,No
906,Samantha Johnson,28,otro,Contaduría Pública,8.24,19,95,Guadalupe,Alto,No
907,Laura Martinez,29,otro,Tecnologías de Información,6.26,6,65,Monterrey,Bajo,Sí
908,Samantha Smith,24,hombre,Gestión de la Responsabilidad Social,9.29,19,76,Pesquería,Medio,No
909,Alice Gonzalez,29,mujer,Administración,8.56,27,67,Linares,Alto,Sí
910,Sofia Johnson,23,hombre,Negocios Internacionales,6.77,37,78,Cadereyta,Medio,No
911,Alice Doe,23,hombre,Contaduría Pública,6.67,6,57,Juárez,Medio,No
912,Robert Smith,20,hombre,Inteligencia Financiera,6.48,11,67,San Nicolás de los Garza,Medio,Sí
913,María Smith,23,otro,Tecnologías de Información,7.9,24,58,Guadalupe,Alto,Sí
914,Sofia Lopez,26,mujer,Contaduría Pública,8.71,15,51,Juárez,Bajo,No
915,Robert Lopez,30,mujer,Gestión de la Responsabilidad Social,7.07,38,68,García,Bajo,No
916,María Lee,18,hombre,Inteligencia Financiera,8.43,25,58,Cerralvo,Alto,Sí
917,Carlos Lopez,18,hombre,Tecnologías de Información,7.8,29,78,Linares,Alto,No
918,Samantha Johnson,22,mujer,Emprendimiento e Innovación,8.91,31,55,Escobedo,Alto,Sí
919,Alice Gonzalez,26,hombre,Gestión de la Responsabilidad Social,9.96,21,58,García,Bajo,No
920,John Gonzalez,20,hombre,Contaduría Pública,8.73,39,72,Monterrey,Bajo,No
921,Sofia Lopez,27,otro,Contaduría Pública,9.0,16,54,Escobedo,Bajo,Sí
922,Alice Martinez,23,hombre,Tecnologías de Información,6.77,7,97,Montemorelos,Medio,Sí
923,John Martinez,22,mujer,Contaduría Pública,9.66,20,91,Santa Catarina,Alto,No
924,María Lee,20,hombre,Negocios Internacionales,6.38,26,67,Cadereyta,Bajo,Sí
925,John García,26,mujer,Inteligencia Financiera,9.14,35,75,Guadalupe,Bajo,Sí
926,Laura Brown,29,mujer,Administración,7.9,16,91,Apodaca,Alto,Sí
927,Emma Lee,23,mujer,Inteligencia Financiera,7.28,10,92,Montemorelos,Alto,No
928,Sofia Doe,23,hombre,Contaduría Pública,9.61,18,75,Santiago,Alto,Sí
929,Carlos Martinez,23,hombre,Administración,8.15,40,100,Apodaca,Medio,No
930,Sofia Johnson,23,hombre,Inteligencia Financiera,6.79,38,60,San Nicolás de los Garza,Bajo,Sí
931,Alice Doe,29,otro,Administración,8.2,16,77,San Pedro Garza García,Medio,No
932,Emma Lopez,25,mujer,Gestión de la Responsabilidad Social,7.96,25,86,San Pedro Garza García,Bajo,No
933,Robert Lopez,21,otro,Administración,7.73,34,84,Montemorelos,Medio,No
934,María Doe,23,hombre,Contaduría Pública,8.72,9,73,Pesquería,Medio,Sí
935,Laura Martinez,28,hombre,Gestión de la Responsabilidad Social,6.84,11,71,Santiago,Alto,No
936,María Johnson,30,mujer,Emprendimiento e Innovación,6.38,7,60,Cerralvo,Bajo,No
937,María García,22,otro,Contaduría Pública,8.96,22,83,Linares,Medio,Sí
938,Luis Gonzalez,28,hombre,Inteligencia Financiera,7.25,28,79,San Nicolás de los Garza,Alto,No
939,Samantha Rivera,18,mujer,Negocios Internacionales,8.01,14,86,Apodaca,Medio,Sí
940,Sofia Lee,22,mujer,Tecnologías de Información,7.23,21,65,Santa Catarina,Alto,No
941,Samantha García,24,otro,Gestión de la Responsabilidad Social,8.92,10,90,Monterrey,Bajo,No
942,Luis García,30,hombre,Gestión de la Responsabilidad Social,8.47,38,54,Cadereyta,Bajo,Sí
943,Sofia García,19,mujer,Negocios Internacionales,7.8,30,70,Santiago,Medio,Sí
944,Luis Lee,24,mujer,Inteligencia Financiera,7.72,37,69,San Pedro Garza García,Medio,No
945,Samantha Lopez,22,otro,Emprendimiento e Innovación,9.48,11,89,Cadereyta,Alto,No
946,John Smith,23,otro,Tecnologías de Información,7.77,27,64,Juárez,Alto,Sí
947,Sofia Lopez,27,mujer,Emprendimiento e Innovación,7.38,10,88,García,Bajo,No
948,Alice Brown,22,mujer,Emprendimiento e Innovación,7.79,17,98,Santiago,Bajo,No
949,Alice Lee,24,hombre,Tecnologías de Información,9.42,16,85,Guadalupe,Medio,Sí
950,María Lee,21,otro,Contaduría Pública,6.65,31,86,Santiago,Alto,No
951,Samantha Smith,23,otro,Tecnologías de Información,7.01,5,53,Cerralvo,Bajo,Sí
952,Sofia Martinez,21,mujer,Contaduría Pública,7.66,38,74,San Nicolás de los Garza,Bajo,Sí
953,Carlos Smith,29,hombre,Administración,8.82,9,82,García,Bajo,Sí
954,Alice Martinez,20,mujer,Contaduría Pública,7.87,32,60,San Nicolás de los Garza,Medio,No
955,Luis García,28,otro,Contaduría Pública,9.6,30,98,Monterrey,Alto,Sí
956,Robert Doe,28,otro,Contaduría Pública,6.22,19,84,San Nicolás de los Garza,Medio,No
957,María Brown,30,mujer,Tecnologías de Información,8.2,15,81,Guadalupe,Medio,Sí
958,Alice Gonzalez,20,otro,Administración,7.2,5,85,Santiago,Alto,Sí
959,Carlos Doe,21,mujer,Administración,9.2,5,60,García,Medio,Sí
960,Laura Lee,26,otro,Negocios Internacionales,6.85,18,71,Santiago,Bajo,No
961,Emma Lopez,29,mujer,Administración,8.07,10,99,Cerralvo,Bajo,No
962,Sofia Brown,19,otro,Gestión de la Responsabilidad Social,9.69,30,89,Monterrey,Medio,Sí
963,John Smith,27,hombre,Gestión de la Responsabilidad Social,8.94,39,69,García,Alto,No
964,Samantha Smith,30,otro,Contaduría Pública,8.83,15,70,Allende,Alto,No
965,Samantha Smith,28,hombre,Negocios Internacionales,9.32,35,65,Allende,Medio,No
966,Luis Johnson,19,hombre,Tecnologías de Información,7.51,27,64,Apodaca,Bajo,Sí
967,Luis Martinez,28,hombre,Emprendimiento e Innovación,6.48,7,98,San Nicolás de los Garza,Medio,Sí
968,Robert Johnson,25,mujer,Tecnologías de Información,6.31,36,74,García,Bajo,Sí
969,Luis Johnson,23,mujer,Administración,9.97,18,95,Cerralvo,Alto,No
970,María Smith,23,otro,Administración,7.13,33,84,Pesquería,Alto,No
971,Carlos Lee,28,otro,Negocios Internacionales,6.93,37,78,Santiago,Bajo,Sí
972,Samantha Johnson,22,hombre,Administración,7.22,8,54,Pesquería,Alto,Sí
973,Samantha Smith,22,otro,Emprendimiento e Innovación,6.88,5,57,García,Medio,Sí
974,Carlos Gonzalez,23,otro,Emprendimiento e Innovación,8.36,6,90,Santiago,Medio,No
975,Robert Doe,22,mujer,Contaduría Pública,7.41,6,94,García,Bajo,Sí
976,Emma Lee,20,otro,Negocios Internacionales,7.57,37,55,Montemorelos,Bajo,Sí
977,Alice Johnson,23,otro,Negocios Internacionales,7.18,15,98,Apodaca,Alto,No
978,John Brown,30,otro,Inteligencia Financiera,6.19,19,64,San Nicolás de los Garza,Alto,No
979,Samantha Rivera,18,otro,Emprendimiento e Innovación,8.83,20,50,Montemorelos,Alto,No
980,Luis Gonzalez,21,hombre,Gestión de la Responsabilidad Social,8.11,12,92,Juárez,Medio,Sí
981,Alice Doe,27,mujer,Inteligencia Financiera,8.77,24,75,San Nicolás de los Garza,Medio,Sí
982,Laura Brown,18,mujer,Contaduría Pública,6.59,16,71,Allende,Alto,Sí
983,Robert Lopez,30,otro,Inteligencia Financiera,7.11,33,56,San Nicolás de los Garza,Medio,Sí
984,John Johnson,22,hombre,Negocios Internacionales,6.25,36,53,Allende,Bajo,Sí
985,Robert García,28,mujer,Tecnologías de Información,8.04,5,95,Santa Catarina,Bajo,Sí
986,Sofia Lopez,19,otro,Inteligencia Financiera,7.28,29,64,Monterrey,Alto,No
987,Laura Doe,26,hombre,Contaduría Pública,8.53,8,99,Juárez,Medio,No
988,John Smith,23,hombre,Gestión de la Responsabilidad Social,6.2,34,71,Santiago,Medio,No
989,Robert Lopez,23,mujer,Gestión de la Responsabilidad Social,9.94,9,55,Apodaca,Bajo,No
990,John Lopez,25,mujer,Contaduría Pública,6.41,13,56,Montemorelos,Medio,No
991,Laura Brown,28,mujer,Negocios Internacionales,7.07,38,51,Linares,Bajo,Sí
992,Laura Gonzalez,28,hombre,Emprendimiento e Innovación,8.29,14,90,San Nicolás de los Garza,Medio,Sí
993,Alice Lee,26,otro,Emprendimiento e Innovación,8.05,33,74,Santiago,Alto,No
994,Carlos Lee,18,mujer,Inteligencia Financiera,8.68,36,68,Cerralvo,Alto,No
995,María Lee,24,hombre,Emprendimiento e Innovación,8.54,22,69,Cadereyta,Alto,No
996,Alice Doe,26,hombre,Negocios Internacionales,6.98,5,64,Escobedo,Medio,Sí
997,Emma Smith,20,mujer,Gestión de la Responsabilidad Social,9.39,6,87,Monterrey,Medio,No
998,Samantha Lee,19,hombre,Inteligencia Financiera,6.83,29,88,García,Bajo,Sí
999,Carlos Smith,23,mujer,Inteligencia Financiera,9.97,10,60,Santiago,Medio,No
1000,Luis Doe,25,hombre,Gestión de la Responsabilidad Social,7.76,37,63,Cadereyta,Medio,Sí
